modality,signal,condition_factor,condition_level,participant_id,loo_r,loo_fisher_z,pipeline
eeg,gfp_isc,adaptation,non_adapted,sphynx_12,0.45097834585297836,0.4859277227740208,ica_faster
eeg,gfp_isc,adaptation,non_adapted,sphynx_13,0.43480843699619504,0.46581095132693096,ica_faster
eeg,gfp_isc,adaptation,non_adapted,sphynx_3,0.398815058857816,0.42223908056057424,ica_faster
eeg,gfp_isc,adaptation,non_adapted,trial_1_3,0.5465939584605882,0.6135111414404671,ica_faster
eeg,gfp_isc,adaptation,non_adapted,sphynx_6,0.20757239790750515,0.2106330964183444,ica_faster
eeg,gfp_isc,adaptation,non_adapted,sphynx_5_1,0.5150051414654346,0.5695179108613174,ica_faster
eeg,gfp_isc,adaptation,non_adapted,sphynx_7,0.07412466671971887,0.07426087452836318,ica_faster
eeg,gfp_isc,adaptation,non_adapted,sphynx_10,0.1578931608195539,0.1592252492410973,ica_faster
eeg,gfp_isc,adaptation,non_adapted,sphynx_4,0.41362315045565434,0.4399743134882895,ica_faster
eeg,gfp_isc,adaptation,non_adapted,sphynx_11,0.44766227460471497,0.48177281470638395,ica_faster
eeg,gfp_isc,adaptation,non_adapted,sphynx_8,0.318896315664635,0.3304179968572358,ica_faster
eeg,gfp_isc,adaptation,non_adapted,sphynx_9,0.7033461219637697,0.873891918558901,ica_faster
eeg,gfp_isc,adaptation,non_adapted,sphynx_2,0.5006819827290433,0.5502158685010737,ica_faster
eeg,gfp_isc,adaptation,semi_adapted,sphynx_12,0.3331593098681331,0.34637782665442063,ica_faster
eeg,gfp_isc,adaptation,semi_adapted,sphynx_13,0.21885240851185042,0.22245046835775917,ica_faster
eeg,gfp_isc,adaptation,semi_adapted,sphynx_3,0.23628456521345367,0.24083529502372503,ica_faster
eeg,gfp_isc,adaptation,semi_adapted,trial_1_3,0.23968148493498842,0.24443615718121284,ica_faster
eeg,gfp_isc,adaptation,semi_adapted,sphynx_6,-0.16652407246282724,-0.1680894535707843,ica_faster
eeg,gfp_isc,adaptation,semi_adapted,sphynx_5_1,0.18799481010145605,0.19025769983482882,ica_faster
eeg,gfp_isc,adaptation,semi_adapted,sphynx_7,0.2176425577803905,0.22118010766572005,ica_faster
eeg,gfp_isc,adaptation,semi_adapted,sphynx_10,-0.057106501265227066,-0.057168700685275714,ica_faster
eeg,gfp_isc,adaptation,semi_adapted,sphynx_4,0.05913751064937708,0.05920659512838209,ica_faster
eeg,gfp_isc,adaptation,semi_adapted,sphynx_11,0.038399836987452404,0.038418727831167884,ica_faster
eeg,gfp_isc,adaptation,semi_adapted,sphynx_8,-0.05608012999831181,-0.0561390314988631,ica_faster
eeg,gfp_isc,adaptation,semi_adapted,sphynx_9,0.0930073592895396,0.09327694253117708,ica_faster
eeg,gfp_isc,adaptation,semi_adapted,sphynx_2,0.07147195036104581,0.07159402334469457,ica_faster
eeg,gfp_isc,adaptation,fully_adapted,sphynx_12,0.303412162454459,0.31327347357192,ica_faster
eeg,gfp_isc,adaptation,fully_adapted,sphynx_13,0.09232969646734782,0.09259340987527337,ica_faster
eeg,gfp_isc,adaptation,fully_adapted,sphynx_3,0.3258355428711309,0.3381620276231948,ica_faster
eeg,gfp_isc,adaptation,fully_adapted,trial_1_3,0.10285566772947584,0.10322070087772854,ica_faster
eeg,gfp_isc,adaptation,fully_adapted,sphynx_6,0.03016176589595701,0.0301709172674181,ica_faster
eeg,gfp_isc,adaptation,fully_adapted,sphynx_5_1,0.2890751641118402,0.2975568025155228,ica_faster
eeg,gfp_isc,adaptation,fully_adapted,sphynx_7,0.12195429184828889,0.1225643477356579,ica_faster
eeg,gfp_isc,adaptation,fully_adapted,sphynx_10,0.05412158895540138,0.05417452537402657,ica_faster
eeg,gfp_isc,adaptation,fully_adapted,sphynx_4,0.30102067262958365,0.31064160048349826,ica_faster
eeg,gfp_isc,adaptation,fully_adapted,sphynx_11,0.5588308202451365,0.6311314578014467,ica_faster
eeg,gfp_isc,adaptation,fully_adapted,sphynx_8,0.11234758901643528,0.11282388436353069,ica_faster
eeg,gfp_isc,adaptation,fully_adapted,sphynx_9,0.1409369286833609,0.14188136385034208,ica_faster
eeg,gfp_isc,adaptation,fully_adapted,sphynx_2,0.4160662189871876,0.44292522512956556,ica_faster
eeg,gfp_isc,graph_nodes,6,sphynx_12,0.4661756036281138,0.5051728601669003,ica_faster
eeg,gfp_isc,graph_nodes,6,sphynx_13,0.3256308893180108,0.337933082504603,ica_faster
eeg,gfp_isc,graph_nodes,6,sphynx_3,0.2864126130401759,0.2946538987022884,ica_faster
eeg,gfp_isc,graph_nodes,6,trial_1_3,0.16404114481804924,0.16553678993224327,ica_faster
eeg,gfp_isc,graph_nodes,6,sphynx_6,0.04862079434289414,0.04865916166582675,ica_faster
eeg,gfp_isc,graph_nodes,6,sphynx_5_1,0.2991826372616647,0.30862164511461326,ica_faster
eeg,gfp_isc,graph_nodes,6,sphynx_7,0.13553029906092645,0.1363693941043058,ica_faster
eeg,gfp_isc,graph_nodes,6,sphynx_10,0.020000479142761467,0.02000314664134944,ica_faster
eeg,gfp_isc,graph_nodes,6,sphynx_4,0.28890419924326405,0.29737025840849063,ica_faster
eeg,gfp_isc,graph_nodes,6,sphynx_11,0.3874813528601522,0.40883300994239535,ica_faster
eeg,gfp_isc,graph_nodes,6,sphynx_8,0.05339672116866428,0.05344755658129032,ica_faster
eeg,gfp_isc,graph_nodes,6,sphynx_9,0.2888436055806503,0.29730414795176313,ica_faster
eeg,gfp_isc,graph_nodes,6,sphynx_2,0.4304324148134615,0.46042730753808603,ica_faster
eeg,gfp_isc,graph_nodes,12,sphynx_12,0.5679735713023757,0.6445262909089586,ica_faster
eeg,gfp_isc,graph_nodes,12,sphynx_13,0.45417821425781363,0.48995184806130215,ica_faster
eeg,gfp_isc,graph_nodes,12,sphynx_3,0.39604813378700116,0.4189531297295446,ica_faster
eeg,gfp_isc,graph_nodes,12,trial_1_3,0.48434864631551955,0.5286502335227251,ica_faster
eeg,gfp_isc,graph_nodes,12,sphynx_6,0.01760132751214605,0.017603145520004505,ica_faster
eeg,gfp_isc,graph_nodes,12,sphynx_5_1,0.551401999182032,0.6203935755510378,ica_faster
eeg,gfp_isc,graph_nodes,12,sphynx_7,0.32917426001014977,0.34190188498910795,ica_faster
eeg,gfp_isc,graph_nodes,12,sphynx_10,0.13750641674167524,0.13838304136171506,ica_faster
eeg,gfp_isc,graph_nodes,12,sphynx_4,0.4316164000085701,0.46188144583749596,ica_faster
eeg,gfp_isc,graph_nodes,12,sphynx_11,0.4009777698793114,0.4248134847029508,ica_faster
eeg,gfp_isc,graph_nodes,12,sphynx_8,0.3209753673823376,0.3327341263564291,ica_faster
eeg,gfp_isc,graph_nodes,12,sphynx_9,0.4922541507579084,0.5390310414836876,ica_faster
eeg,gfp_isc,graph_nodes,12,sphynx_2,0.4522647328103858,0.48754371024263166,ica_faster
eeg,gfp_isc,question_level,2,sphynx_12,0.5486010728519143,0.6163778905405818,ica_faster
eeg,gfp_isc,question_level,2,sphynx_13,0.5290125626109964,0.588773000335864,ica_faster
eeg,gfp_isc,question_level,2,sphynx_3,0.4457053008831483,0.4793280428925791,ica_faster
eeg,gfp_isc,question_level,2,trial_1_3,0.6288104195926493,0.7394461464693081,ica_faster
eeg,gfp_isc,question_level,2,sphynx_6,0.20941077558238466,0.21255501825695258,ica_faster
eeg,gfp_isc,question_level,2,sphynx_5_1,0.6529791124723517,0.7804747444344493,ica_faster
eeg,gfp_isc,question_level,2,sphynx_7,0.4820978706109417,0.5257137791096189,ica_faster
eeg,gfp_isc,question_level,2,sphynx_10,0.21002227048975722,0.21319464460725085,ica_faster
eeg,gfp_isc,question_level,2,sphynx_4,0.44037007621895774,0.4726898210229128,ica_faster
eeg,gfp_isc,question_level,2,sphynx_11,0.5412850246883886,0.6059713653597294,ica_faster
eeg,gfp_isc,question_level,2,sphynx_8,0.15254726083566592,0.1537473542804339,ica_faster
eeg,gfp_isc,question_level,2,sphynx_9,0.59915104183095,0.6918217375618155,ica_faster
eeg,gfp_isc,question_level,2,sphynx_2,0.3937953784761592,0.4162841024354067,ica_faster
eeg,gfp_isc,question_level,1,sphynx_12,0.39167863290457966,0.4137813202236247,ica_faster
eeg,gfp_isc,question_level,1,sphynx_13,0.27288374086780504,0.2799769432361218,ica_faster
eeg,gfp_isc,question_level,1,sphynx_3,0.5013705185982701,0.551135175650426,ica_faster
eeg,gfp_isc,question_level,1,trial_1_3,0.23254327623665627,0.23687646298507395,ica_faster
eeg,gfp_isc,question_level,1,sphynx_6,0.031575565351587294,0.03158606541827893,ica_faster
eeg,gfp_isc,question_level,1,sphynx_5_1,0.2570591039573219,0.26295686675384083,ica_faster
eeg,gfp_isc,question_level,1,sphynx_7,0.19239262353508768,0.19482057767214667,ica_faster
eeg,gfp_isc,question_level,1,sphynx_10,0.03906819456472099,0.03908808969315493,ica_faster
eeg,gfp_isc,question_level,1,sphynx_4,0.12193151480778797,0.12254122688647139,ica_faster
eeg,gfp_isc,question_level,1,sphynx_11,0.4891836661627129,0.5349866365617156,ica_faster
eeg,gfp_isc,question_level,1,sphynx_8,0.37557915762558597,0.3949027795182515,ica_faster
eeg,gfp_isc,question_level,1,sphynx_9,0.22162480287124306,0.22536419542179745,ica_faster
eeg,gfp_isc,question_level,1,sphynx_2,0.5833295691051315,0.6674948276076759,ica_faster
eeg,gfp_isc,adapt_x_q,non_adapted_q2,sphynx_12,0.3275120479838939,0.3400388163355817,ica_faster
eeg,gfp_isc,adapt_x_q,non_adapted_q2,sphynx_13,0.3970309058913011,0.42011927009640904,ica_faster
eeg,gfp_isc,adapt_x_q,non_adapted_q2,sphynx_3,0.3906581788277342,0.4125765155197681,ica_faster
eeg,gfp_isc,adapt_x_q,non_adapted_q2,trial_1_3,0.6368641107974813,0.752880224086354,ica_faster
eeg,gfp_isc,adapt_x_q,non_adapted_q2,sphynx_6,0.23618311857322766,0.2407278523939992,ica_faster
eeg,gfp_isc,adapt_x_q,non_adapted_q2,sphynx_5_1,0.44942849299506077,0.4839838862902781,ica_faster
eeg,gfp_isc,adapt_x_q,non_adapted_q2,sphynx_7,0.105109702891139,0.10549937497956607,ica_faster
eeg,gfp_isc,adapt_x_q,non_adapted_q2,sphynx_10,0.18014639790185497,0.18213399274506484,ica_faster
eeg,gfp_isc,adapt_x_q,non_adapted_q2,sphynx_4,0.1705686223700606,0.17225226646921377,ica_faster
eeg,gfp_isc,adapt_x_q,non_adapted_q2,sphynx_11,0.17877577052118476,0.18071775330826134,ica_faster
eeg,gfp_isc,adapt_x_q,non_adapted_q2,sphynx_8,0.12694537331209005,0.1276339572859686,ica_faster
eeg,gfp_isc,adapt_x_q,non_adapted_q2,sphynx_9,0.4695091236365384,0.5094404673923361,ica_faster
eeg,gfp_isc,adapt_x_q,non_adapted_q2,sphynx_2,0.31933718874394684,0.33090885692977595,ica_faster
eeg,gfp_isc,adapt_x_q,semi_adapted_q2,sphynx_12,0.5140176133879127,0.5681748429512513,ica_faster
eeg,gfp_isc,adapt_x_q,semi_adapted_q2,sphynx_13,0.24478185586391915,0.24985446861325034,ica_faster
eeg,gfp_isc,adapt_x_q,semi_adapted_q2,sphynx_3,0.33389306946339503,0.34720342571267615,ica_faster
eeg,gfp_isc,adapt_x_q,semi_adapted_q2,trial_1_3,0.37833561040083474,0.39811579513626083,ica_faster
eeg,gfp_isc,adapt_x_q,semi_adapted_q2,sphynx_6,0.06865861993339659,0.06876681182652757,ica_faster
eeg,gfp_isc,adapt_x_q,semi_adapted_q2,sphynx_5_1,0.5162543615793669,0.5712195543461966,ica_faster
eeg,gfp_isc,adapt_x_q,semi_adapted_q2,sphynx_7,0.5407164618528109,0.6051675363384141,ica_faster
eeg,gfp_isc,adapt_x_q,semi_adapted_q2,sphynx_10,0.07028007246852315,0.0703961277881874,ica_faster
eeg,gfp_isc,adapt_x_q,semi_adapted_q2,sphynx_4,0.20465230219462466,0.20758344180928912,ica_faster
eeg,gfp_isc,adapt_x_q,semi_adapted_q2,sphynx_11,0.4831916928582971,0.5271397837212034,ica_faster
eeg,gfp_isc,adapt_x_q,semi_adapted_q2,sphynx_8,0.2020525360844313,0.20487153038733197,ica_faster
eeg,gfp_isc,adapt_x_q,semi_adapted_q2,sphynx_9,0.45386007823943864,0.4895511056452356,ica_faster
eeg,gfp_isc,adapt_x_q,semi_adapted_q2,sphynx_2,0.11462944521038718,0.1151355145860698,ica_faster
eeg,gfp_isc,adapt_x_q,fully_adapted_q1,sphynx_12,0.173455405665341,0.17522707099416904,ica_faster
eeg,gfp_isc,adapt_x_q,fully_adapted_q1,sphynx_13,-0.02775570052687846,-0.027762831291992213,ica_faster
eeg,gfp_isc,adapt_x_q,fully_adapted_q1,sphynx_3,0.2815692846525602,0.28938566916466824,ica_faster
eeg,gfp_isc,adapt_x_q,fully_adapted_q1,trial_1_3,-0.029832904276627385,-0.029841759455709008,ica_faster
eeg,gfp_isc,adapt_x_q,fully_adapted_q1,sphynx_6,-0.05822626503850715,-0.058292200677587065,ica_faster
eeg,gfp_isc,adapt_x_q,fully_adapted_q1,sphynx_5_1,0.041155926657084854,0.041179187078388496,ica_faster
eeg,gfp_isc,adapt_x_q,fully_adapted_q1,sphynx_7,0.18899161078782772,0.1912912213176777,ica_faster
eeg,gfp_isc,adapt_x_q,fully_adapted_q1,sphynx_10,0.14158135648760498,0.14253891250054546,ica_faster
eeg,gfp_isc,adapt_x_q,fully_adapted_q1,sphynx_4,0.1649719873543037,0.1664935240772312,ica_faster
eeg,gfp_isc,adapt_x_q,fully_adapted_q1,sphynx_11,0.32232732868482983,0.3342421025978359,ica_faster
eeg,gfp_isc,adapt_x_q,fully_adapted_q1,sphynx_8,0.28573018702610675,0.29391064729847977,ica_faster
eeg,gfp_isc,adapt_x_q,fully_adapted_q1,sphynx_9,-0.07275538048656625,-0.07288416286773913,ica_faster
eeg,gfp_isc,adapt_x_q,fully_adapted_q1,sphynx_2,0.23999057472793234,0.24476411133354184,ica_faster
eeg,gfp_isc,adapt_x_q,fully_adapted_q2,sphynx_12,0.2199270574092212,0.2235794577388667,ica_faster
eeg,gfp_isc,adapt_x_q,fully_adapted_q2,sphynx_13,0.24032875101096862,0.24512298633350812,ica_faster
eeg,gfp_isc,adapt_x_q,fully_adapted_q2,sphynx_3,0.1877707478534894,0.19002543878493955,ica_faster
eeg,gfp_isc,adapt_x_q,fully_adapted_q2,trial_1_3,0.20221345881162578,0.20503930813603707,ica_faster
eeg,gfp_isc,adapt_x_q,fully_adapted_q2,sphynx_6,0.10878169495717686,0.1092138553452524,ica_faster
eeg,gfp_isc,adapt_x_q,fully_adapted_q2,sphynx_5_1,0.38213515416867433,0.40255752907072045,ica_faster
eeg,gfp_isc,adapt_x_q,fully_adapted_q2,sphynx_7,0.2396690215602149,0.24442293422387598,ica_faster
eeg,gfp_isc,adapt_x_q,fully_adapted_q2,sphynx_10,0.02469575969476523,0.024700782020514227,ica_faster
eeg,gfp_isc,adapt_x_q,fully_adapted_q2,sphynx_4,0.22961259877435225,0.23378046580452458,ica_faster
eeg,gfp_isc,adapt_x_q,fully_adapted_q2,sphynx_11,0.3948247180745844,0.41750294898742,ica_faster
eeg,gfp_isc,adapt_x_q,fully_adapted_q2,sphynx_8,0.04081672190800537,0.04083941154432018,ica_faster
eeg,gfp_isc,adapt_x_q,fully_adapted_q2,sphynx_9,0.20006983942904802,0.20280530451797948,ica_faster
eeg,gfp_isc,adapt_x_q,fully_adapted_q2,sphynx_2,0.4638782472906073,0.5022416203953399,ica_faster
eeg,gfp_isc,adapt_x_q,semi_adapted_q1,sphynx_12,0.14748339595787296,0.1485668931131322,ica_faster
eeg,gfp_isc,adapt_x_q,semi_adapted_q1,sphynx_13,0.2225326743446661,0.22631916509121705,ica_faster
eeg,gfp_isc,adapt_x_q,semi_adapted_q1,sphynx_3,0.4211741760007514,0.44911854160682724,ica_faster
eeg,gfp_isc,adapt_x_q,semi_adapted_q1,trial_1_3,0.15494611959701918,0.15620429152667636,ica_faster
eeg,gfp_isc,adapt_x_q,semi_adapted_q1,sphynx_6,0.15325419627468867,0.15447121256962637,ica_faster
eeg,gfp_isc,adapt_x_q,semi_adapted_q1,sphynx_5_1,0.07307856823989184,0.0732090781612525,ica_faster
eeg,gfp_isc,adapt_x_q,semi_adapted_q1,sphynx_7,0.22088074853676892,0.22458184269443796,ica_faster
eeg,gfp_isc,adapt_x_q,semi_adapted_q1,sphynx_10,0.09815104060255216,0.09846805854701135,ica_faster
eeg,gfp_isc,adapt_x_q,semi_adapted_q1,sphynx_4,0.08617041574784749,0.08638465259057647,ica_faster
eeg,gfp_isc,adapt_x_q,semi_adapted_q1,sphynx_11,0.4128508969610161,0.4390430293191976,ica_faster
eeg,gfp_isc,adapt_x_q,semi_adapted_q1,sphynx_8,0.27982767934104874,0.28749510235662856,ica_faster
eeg,gfp_isc,adapt_x_q,semi_adapted_q1,sphynx_9,-0.08991147627743441,-0.09015494195256134,ica_faster
eeg,gfp_isc,adapt_x_q,semi_adapted_q1,sphynx_2,0.4864490885468017,0.5313981111103107,ica_faster
eeg,gfp_isc,adapt_x_q,non_adapted_q1,sphynx_12,0.27434118304440236,0.2815523247995832,ica_faster
eeg,gfp_isc,adapt_x_q,non_adapted_q1,sphynx_13,0.3290734379675628,0.3417888149120556,ica_faster
eeg,gfp_isc,adapt_x_q,non_adapted_q1,sphynx_3,0.3307832017826167,0.343707425341131,ica_faster
eeg,gfp_isc,adapt_x_q,non_adapted_q1,trial_1_3,0.3835288131781892,0.40419052024825514,ica_faster
eeg,gfp_isc,adapt_x_q,non_adapted_q1,sphynx_6,0.1972358467794079,0.1998548769889468,ica_faster
eeg,gfp_isc,adapt_x_q,non_adapted_q1,sphynx_5_1,0.4077866129540751,0.4329534754523783,ica_faster
eeg,gfp_isc,adapt_x_q,non_adapted_q1,sphynx_7,0.17371880113583676,0.1754986498103469,ica_faster
eeg,gfp_isc,adapt_x_q,non_adapted_q1,sphynx_10,-0.021979511609333157,-0.021983052061807527,ica_faster
eeg,gfp_isc,adapt_x_q,non_adapted_q1,sphynx_4,0.14452883547795362,0.14554797356539875,ica_faster
eeg,gfp_isc,adapt_x_q,non_adapted_q1,sphynx_11,0.4182019233535954,0.44551082843706086,ica_faster
eeg,gfp_isc,adapt_x_q,non_adapted_q1,sphynx_8,0.29459627262476734,0.3035919325444509,ica_faster
eeg,gfp_isc,adapt_x_q,non_adapted_q1,sphynx_9,0.4896651944227064,0.5356198400539097,ica_faster
eeg,gfp_isc,adapt_x_q,non_adapted_q1,sphynx_2,0.5315910443477097,0.5923603105624766,ica_faster
eeg,gfp_isc,adapt_x_nodes,non_adapted_n6,sphynx_12,0.4258635959588932,0.45483296780037186,ica_faster
eeg,gfp_isc,adapt_x_nodes,non_adapted_n6,sphynx_13,0.27880438818798553,0.28638522096131336,ica_faster
eeg,gfp_isc,adapt_x_nodes,non_adapted_n6,sphynx_3,0.20275691233305307,0.2056059960188784,ica_faster
eeg,gfp_isc,adapt_x_nodes,non_adapted_n6,trial_1_3,0.1859527341530226,0.18814164756816396,ica_faster
eeg,gfp_isc,adapt_x_nodes,non_adapted_n6,sphynx_6,0.1438163135611042,0.14482032694812372,ica_faster
eeg,gfp_isc,adapt_x_nodes,non_adapted_n6,sphynx_5_1,0.30650363763935556,0.316681937406397,ica_faster
eeg,gfp_isc,adapt_x_nodes,non_adapted_n6,sphynx_7,0.019134421864490544,0.019136757581363725,ica_faster
eeg,gfp_isc,adapt_x_nodes,non_adapted_n6,sphynx_10,0.12503489058026196,0.12569265869650303,ica_faster
eeg,gfp_isc,adapt_x_nodes,non_adapted_n6,sphynx_4,0.17692604247116003,0.1788076048414634,ica_faster
eeg,gfp_isc,adapt_x_nodes,non_adapted_n6,sphynx_11,0.416030374185517,0.4428818769177991,ica_faster
eeg,gfp_isc,adapt_x_nodes,non_adapted_n6,sphynx_8,0.3395826853318614,0.35362074271306676,ica_faster
eeg,gfp_isc,adapt_x_nodes,non_adapted_n6,sphynx_9,0.5200070812618933,0.5763494606951145,ica_faster
eeg,gfp_isc,adapt_x_nodes,non_adapted_n6,sphynx_2,0.45758579138465194,0.49425342319899623,ica_faster
eeg,gfp_isc,adapt_x_nodes,non_adapted_n12,sphynx_12,0.2823795519926393,0.29026592536370005,ica_faster
eeg,gfp_isc,adapt_x_nodes,non_adapted_n12,sphynx_13,0.44867825902995095,0.48304415678261153,ica_faster
eeg,gfp_isc,adapt_x_nodes,non_adapted_n12,sphynx_3,0.4003057340331523,0.42401295229388125,ica_faster
eeg,gfp_isc,adapt_x_nodes,non_adapted_n12,trial_1_3,0.4776710590653249,0.5199624870651397,ica_faster
eeg,gfp_isc,adapt_x_nodes,non_adapted_n12,sphynx_6,0.07984367236901097,0.08001399244434855,ica_faster
eeg,gfp_isc,adapt_x_nodes,non_adapted_n12,sphynx_5_1,0.23707029355748535,0.24166764871630267,ica_faster
eeg,gfp_isc,adapt_x_nodes,non_adapted_n12,sphynx_7,0.2528938780320919,0.258502008872298,ica_faster
eeg,gfp_isc,adapt_x_nodes,non_adapted_n12,sphynx_10,0.13311421869779758,0.133908919417472,ica_faster
eeg,gfp_isc,adapt_x_nodes,non_adapted_n12,sphynx_4,0.2803260560421915,0.28803590096612264,ica_faster
eeg,gfp_isc,adapt_x_nodes,non_adapted_n12,sphynx_11,0.38655959088329744,0.40774885835677394,ica_faster
eeg,gfp_isc,adapt_x_nodes,non_adapted_n12,sphynx_8,0.08098838294631881,0.08116615387628724,ica_faster
eeg,gfp_isc,adapt_x_nodes,non_adapted_n12,sphynx_9,0.5627573331040754,0.6368593592214027,ica_faster
eeg,gfp_isc,adapt_x_nodes,non_adapted_n12,sphynx_2,0.32744985940358584,0.3399691572521701,ica_faster
eeg,gfp_isc,adapt_x_nodes,semi_adapted_n12,sphynx_12,0.20779930399294766,0.2108702309255489,ica_faster
eeg,gfp_isc,adapt_x_nodes,semi_adapted_n12,sphynx_13,0.16514324300068256,0.16666957608794294,ica_faster
eeg,gfp_isc,adapt_x_nodes,semi_adapted_n12,sphynx_3,0.32675548924628994,0.3391915903794884,ica_faster
eeg,gfp_isc,adapt_x_nodes,semi_adapted_n12,trial_1_3,0.39780050763165414,0.4210332205611536,ica_faster
eeg,gfp_isc,adapt_x_nodes,semi_adapted_n12,sphynx_6,-0.04554536976697683,-0.0455769018341136,ica_faster
eeg,gfp_isc,adapt_x_nodes,semi_adapted_n12,sphynx_5_1,0.37255504169456105,0.3913866622535476,ica_faster
eeg,gfp_isc,adapt_x_nodes,semi_adapted_n12,sphynx_7,0.3722274019213195,0.3910062717350873,ica_faster
eeg,gfp_isc,adapt_x_nodes,semi_adapted_n12,sphynx_10,0.012954471480805795,0.012955196219711008,ica_faster
eeg,gfp_isc,adapt_x_nodes,semi_adapted_n12,sphynx_4,0.19072009645305515,0.19308434093221244,ica_faster
eeg,gfp_isc,adapt_x_nodes,semi_adapted_n12,sphynx_11,0.27961790954550336,0.2872675258741088,ica_faster
eeg,gfp_isc,adapt_x_nodes,semi_adapted_n12,sphynx_8,0.1103846824521575,0.11083632661057295,ica_faster
eeg,gfp_isc,adapt_x_nodes,semi_adapted_n12,sphynx_9,-0.0319674910551703,-0.03197838714822972,ica_faster
eeg,gfp_isc,adapt_x_nodes,semi_adapted_n12,sphynx_2,0.05128039310593334,0.05132541448181468,ica_faster
eeg,gfp_isc,adapt_x_nodes,fully_adapted_n6,sphynx_12,0.32503981724436803,0.33727204404840494,ica_faster
eeg,gfp_isc,adapt_x_nodes,fully_adapted_n6,sphynx_13,0.10132865177331145,0.10167760117549232,ica_faster
eeg,gfp_isc,adapt_x_nodes,fully_adapted_n6,sphynx_3,0.3489298932011647,0.36422477902687705,ica_faster
eeg,gfp_isc,adapt_x_nodes,fully_adapted_n6,trial_1_3,0.028315527578732513,0.0283230987262941,ica_faster
eeg,gfp_isc,adapt_x_nodes,fully_adapted_n6,sphynx_6,0.05843013514122124,0.05849676675140462,ica_faster
eeg,gfp_isc,adapt_x_nodes,fully_adapted_n6,sphynx_5_1,0.1493459212951645,0.15047136876608636,ica_faster
eeg,gfp_isc,adapt_x_nodes,fully_adapted_n6,sphynx_7,0.3260711762067688,0.33842567201530677,ica_faster
eeg,gfp_isc,adapt_x_nodes,fully_adapted_n6,sphynx_10,0.16455217000138145,0.1660619921165217,ica_faster
eeg,gfp_isc,adapt_x_nodes,fully_adapted_n6,sphynx_4,0.1757949103531886,0.1776401615745077,ica_faster
eeg,gfp_isc,adapt_x_nodes,fully_adapted_n6,sphynx_11,0.37569214003693685,0.3950343229961585,ica_faster
eeg,gfp_isc,adapt_x_nodes,fully_adapted_n6,sphynx_8,0.3110916740479584,0.3217535998691864,ica_faster
eeg,gfp_isc,adapt_x_nodes,fully_adapted_n6,sphynx_9,-0.09618135506023992,-0.09647959875149432,ica_faster
eeg,gfp_isc,adapt_x_nodes,fully_adapted_n6,sphynx_2,0.3467145735218886,0.36170456100154047,ica_faster
eeg,gfp_isc,adapt_x_nodes,semi_adapted_n6,sphynx_12,0.10924535080274847,0.10968308753060532,ica_faster
eeg,gfp_isc,adapt_x_nodes,semi_adapted_n6,sphynx_13,0.2603776616707053,0.26651349210263886,ica_faster
eeg,gfp_isc,adapt_x_nodes,semi_adapted_n6,sphynx_3,0.15409871592002933,0.1553361592439677,ica_faster
eeg,gfp_isc,adapt_x_nodes,semi_adapted_n6,trial_1_3,0.12542515707630034,0.1260891430876996,ica_faster
eeg,gfp_isc,adapt_x_nodes,semi_adapted_n6,sphynx_6,-0.03044021701553072,-0.030449624283669388,ica_faster
eeg,gfp_isc,adapt_x_nodes,semi_adapted_n6,sphynx_5_1,-0.006949787906307382,-0.006949899800097376,ica_faster
eeg,gfp_isc,adapt_x_nodes,semi_adapted_n6,sphynx_7,0.09310151615834114,0.09337192183806302,ica_faster
eeg,gfp_isc,adapt_x_nodes,semi_adapted_n6,sphynx_10,-0.07663701251122677,-0.07678757909933492,ica_faster
eeg,gfp_isc,adapt_x_nodes,semi_adapted_n6,sphynx_4,0.08058642845962277,0.08076155875146826,ica_faster
eeg,gfp_isc,adapt_x_nodes,semi_adapted_n6,sphynx_11,0.05415000350522942,0.05420302344270281,ica_faster
eeg,gfp_isc,adapt_x_nodes,semi_adapted_n6,sphynx_8,-0.16730093901010015,-0.1688885837577075,ica_faster
eeg,gfp_isc,adapt_x_nodes,semi_adapted_n6,sphynx_9,0.15824486963984224,0.15958597099190355,ica_faster
eeg,gfp_isc,adapt_x_nodes,semi_adapted_n6,sphynx_2,-0.01103998856364692,-0.01104043711934384,ica_faster
eeg,gfp_isc,adapt_x_nodes,fully_adapted_n12,sphynx_12,0.20043998820044492,0.20319091714379936,ica_faster
eeg,gfp_isc,adapt_x_nodes,fully_adapted_n12,sphynx_13,0.17401159888896434,0.17580057447925698,ica_faster
eeg,gfp_isc,adapt_x_nodes,fully_adapted_n12,sphynx_3,0.09717078314383526,0.09747836161942038,ica_faster
eeg,gfp_isc,adapt_x_nodes,fully_adapted_n12,trial_1_3,0.07207203525317074,0.07219721542979546,ica_faster
eeg,gfp_isc,adapt_x_nodes,fully_adapted_n12,sphynx_6,0.12630723529602136,0.12698542046376116,ica_faster
eeg,gfp_isc,adapt_x_nodes,fully_adapted_n12,sphynx_5_1,0.290824386882315,0.2994665828504209,ica_faster
eeg,gfp_isc,adapt_x_nodes,fully_adapted_n12,sphynx_7,-0.1918968962340355,-0.19430584669255857,ica_faster
eeg,gfp_isc,adapt_x_nodes,fully_adapted_n12,sphynx_10,0.0544636987155716,0.05451764655285358,ica_faster
eeg,gfp_isc,adapt_x_nodes,fully_adapted_n12,sphynx_4,0.3122913005860213,0.3230823132431711,ica_faster
eeg,gfp_isc,adapt_x_nodes,fully_adapted_n12,sphynx_11,0.30729598466375163,0.31755667371663854,ica_faster
eeg,gfp_isc,adapt_x_nodes,fully_adapted_n12,sphynx_8,0.07486530430084808,0.07500564525156032,ica_faster
eeg,gfp_isc,adapt_x_nodes,fully_adapted_n12,sphynx_9,0.2768813343181533,0.2843012940460979,ica_faster
eeg,gfp_isc,adapt_x_nodes,fully_adapted_n12,sphynx_2,0.31568295778763283,0.32684492354263694,ica_faster
eeg,occ_isc,adaptation,non_adapted,sphynx_12,0.11307289037183585,0.11355851824641632,ica_faster
eeg,occ_isc,adaptation,non_adapted,sphynx_13,0.24270111792654558,0.24764230524405223,ica_faster
eeg,occ_isc,adaptation,non_adapted,sphynx_3,0.20637337304482475,0.20938040903817803,ica_faster
eeg,occ_isc,adaptation,non_adapted,trial_1_3,0.09608395111747663,0.09638128625499304,ica_faster
eeg,occ_isc,adaptation,non_adapted,sphynx_6,0.13357442988780863,0.1343774616289847,ica_faster
eeg,occ_isc,adaptation,non_adapted,sphynx_5_1,0.25443088897801,0.2601447198171251,ica_faster
eeg,occ_isc,adaptation,non_adapted,sphynx_7,0.2509715911912385,0.2564494447737807,ica_faster
eeg,occ_isc,adaptation,non_adapted,sphynx_10,0.2192594839972992,0.22287806215574146,ica_faster
eeg,occ_isc,adaptation,non_adapted,sphynx_4,0.17939919588500033,0.18136183592372895,ica_faster
eeg,occ_isc,adaptation,non_adapted,sphynx_11,0.11781768794990347,0.11836741647707642,ica_faster
eeg,occ_isc,adaptation,non_adapted,sphynx_8,0.10504879275276344,0.10543778478388983,ica_faster
eeg,occ_isc,adaptation,non_adapted,sphynx_9,0.25574530231664605,0.2615506149196264,ica_faster
eeg,occ_isc,adaptation,non_adapted,sphynx_2,0.25366589890610164,0.25932695037493875,ica_faster
eeg,occ_isc,adaptation,semi_adapted,sphynx_12,0.06721760449339845,0.067319114156691,ica_faster
eeg,occ_isc,adaptation,semi_adapted,sphynx_13,0.3416604265947924,0.3559711914880553,ica_faster
eeg,occ_isc,adaptation,semi_adapted,sphynx_3,0.31075382896824566,0.3213795990158271,ica_faster
eeg,occ_isc,adaptation,semi_adapted,trial_1_3,0.263436044740329,0.2697971195676621,ica_faster
eeg,occ_isc,adaptation,semi_adapted,sphynx_6,0.3349077887925576,0.3483459009352315,ica_faster
eeg,occ_isc,adaptation,semi_adapted,sphynx_5_1,0.29802964662317677,0.3073557828798454,ica_faster
eeg,occ_isc,adaptation,semi_adapted,sphynx_7,0.2076915703475372,0.2107576379746706,ica_faster
eeg,occ_isc,adaptation,semi_adapted,sphynx_10,0.24775229714173383,0.2530166937821647,ica_faster
eeg,occ_isc,adaptation,semi_adapted,sphynx_4,0.23923171901151555,0.24395903321515555,ica_faster
eeg,occ_isc,adaptation,semi_adapted,sphynx_11,0.1257211482742273,0.12638987643686667,ica_faster
eeg,occ_isc,adaptation,semi_adapted,sphynx_8,0.15219009278922024,0.15338169705341775,ica_faster
eeg,occ_isc,adaptation,semi_adapted,sphynx_9,0.3287502890061279,0.34142646594228926,ica_faster
eeg,occ_isc,adaptation,semi_adapted,sphynx_2,0.329129741176639,0.34185195689384407,ica_faster
eeg,occ_isc,adaptation,fully_adapted,sphynx_12,0.2513632765630299,0.2568675034151235,ica_faster
eeg,occ_isc,adaptation,fully_adapted,sphynx_13,0.3279751688341817,0.34055767035722545,ica_faster
eeg,occ_isc,adaptation,fully_adapted,sphynx_3,0.2823883683391985,0.290275505648918,ica_faster
eeg,occ_isc,adaptation,fully_adapted,trial_1_3,0.14217620352425006,0.1431459795666216,ica_faster
eeg,occ_isc,adaptation,fully_adapted,sphynx_6,0.10823628032187356,0.10866194236154249,ica_faster
eeg,occ_isc,adaptation,fully_adapted,sphynx_5_1,0.24724818698649353,0.2524796886261508,ica_faster
eeg,occ_isc,adaptation,fully_adapted,sphynx_7,0.2942228537112467,0.30318307509057274,ica_faster
eeg,occ_isc,adaptation,fully_adapted,sphynx_10,0.10712048133894297,0.1075330542114062,ica_faster
eeg,occ_isc,adaptation,fully_adapted,sphynx_4,0.1991239479126984,0.20182016606396622,ica_faster
eeg,occ_isc,adaptation,fully_adapted,sphynx_11,0.08301597946157521,0.08320747770145782,ica_faster
eeg,occ_isc,adaptation,fully_adapted,sphynx_8,0.2147778257081016,0.21817488862006595,ica_faster
eeg,occ_isc,adaptation,fully_adapted,sphynx_9,0.3760140275283575,0.39540916238132484,ica_faster
eeg,occ_isc,adaptation,fully_adapted,sphynx_2,0.1669319127783901,0.16850895529554014,ica_faster
eeg,occ_isc,graph_nodes,6,sphynx_12,0.08528233737732539,0.08548999934237979,ica_faster
eeg,occ_isc,graph_nodes,6,sphynx_13,0.3656348273809764,0.3833749519187059,ica_faster
eeg,occ_isc,graph_nodes,6,sphynx_3,0.31645207676694026,0.32769940405408093,ica_faster
eeg,occ_isc,graph_nodes,6,trial_1_3,0.13868469953593243,0.1395842314612189,ica_faster
eeg,occ_isc,graph_nodes,6,sphynx_6,0.18587767086315987,0.18806389686706515,ica_faster
eeg,occ_isc,graph_nodes,6,sphynx_5_1,0.31838323976234084,0.32984694087607686,ica_faster
eeg,occ_isc,graph_nodes,6,sphynx_7,0.34649726662965036,0.36145758327462485,ica_faster
eeg,occ_isc,graph_nodes,6,sphynx_10,0.23060820648319838,0.2348317393945027,ica_faster
eeg,occ_isc,graph_nodes,6,sphynx_4,0.251490361696609,0.2570031644197631,ica_faster
eeg,occ_isc,graph_nodes,6,sphynx_11,0.11356573093144721,0.11405776983924645,ica_faster
eeg,occ_isc,graph_nodes,6,sphynx_8,0.27643095467368034,0.283813585879498,ica_faster
eeg,occ_isc,graph_nodes,6,sphynx_9,0.3737706449448602,0.3927989239481822,ica_faster
eeg,occ_isc,graph_nodes,6,sphynx_2,0.28935767522114,0.2978651016602428,ica_faster
eeg,occ_isc,graph_nodes,12,sphynx_12,0.17174654206210999,0.17346573477289864,ica_faster
eeg,occ_isc,graph_nodes,12,sphynx_13,0.3180155223796167,0.3294377973594216,ica_faster
eeg,occ_isc,graph_nodes,12,sphynx_3,0.3866058675171761,0.40780326600770644,ica_faster
eeg,occ_isc,graph_nodes,12,trial_1_3,0.2589693920681992,0.2650033958755103,ica_faster
eeg,occ_isc,graph_nodes,12,sphynx_6,0.3090072754579669,0.31944751454621034,ica_faster
eeg,occ_isc,graph_nodes,12,sphynx_5_1,0.39226635392394804,0.41447573246566943,ica_faster
eeg,occ_isc,graph_nodes,12,sphynx_7,0.3567890055735415,0.37320167537897964,ica_faster
eeg,occ_isc,graph_nodes,12,sphynx_10,0.3256239119555152,0.3379252775586842,ica_faster
eeg,occ_isc,graph_nodes,12,sphynx_4,0.34985203096355605,0.3652751385387709,ica_faster
eeg,occ_isc,graph_nodes,12,sphynx_11,0.15588801995423704,0.15716950620709227,ica_faster
eeg,occ_isc,graph_nodes,12,sphynx_8,0.19888890281607963,0.2015754284873885,ica_faster
eeg,occ_isc,graph_nodes,12,sphynx_9,0.46791800458220467,0.5074013741173738,ica_faster
eeg,occ_isc,graph_nodes,12,sphynx_2,0.3195730295389075,0.3311715009614377,ica_faster
eeg,occ_isc,question_level,2,sphynx_12,0.1913308964952862,0.19371827367211966,ica_faster
eeg,occ_isc,question_level,2,sphynx_13,0.3726751380275942,0.3915261213702637,ica_faster
eeg,occ_isc,question_level,2,sphynx_3,0.39261182610804546,0.41488409610331645,ica_faster
eeg,occ_isc,question_level,2,trial_1_3,0.23762040359119074,0.24225059793861714,ica_faster
eeg,occ_isc,question_level,2,sphynx_6,0.24727213079313215,0.2525051916245535,ica_faster
eeg,occ_isc,question_level,2,sphynx_5_1,0.3834019823306404,0.4040418242987041,ica_faster
eeg,occ_isc,question_level,2,sphynx_7,0.35075853627431014,0.3663084449016905,ica_faster
eeg,occ_isc,question_level,2,sphynx_10,0.32502376341604905,0.3372540938605584,ica_faster
eeg,occ_isc,question_level,2,sphynx_4,0.2819759983504301,0.2898274591495049,ica_faster
eeg,occ_isc,question_level,2,sphynx_11,0.08799284724159596,0.08822101009369053,ica_faster
eeg,occ_isc,question_level,2,sphynx_8,0.23560797037121436,0.24011881314187608,ica_faster
eeg,occ_isc,question_level,2,sphynx_9,0.4537155379463593,0.4893690825392365,ica_faster
eeg,occ_isc,question_level,2,sphynx_2,0.332029205093424,0.34510716211231457,ica_faster
eeg,occ_isc,question_level,1,sphynx_12,0.2227393216549369,0.22653658942836252,ica_faster
eeg,occ_isc,question_level,1,sphynx_13,0.29686944501777096,0.3060829671346757,ica_faster
eeg,occ_isc,question_level,1,sphynx_3,0.2902105332324477,0.2987961438560603,ica_faster
eeg,occ_isc,question_level,1,trial_1_3,0.16101581137741233,0.16242936978823094,ica_faster
eeg,occ_isc,question_level,1,sphynx_6,0.21358117583673566,0.21692070561045806,ica_faster
eeg,occ_isc,question_level,1,sphynx_5_1,0.38118544622155365,0.40144589531341784,ica_faster
eeg,occ_isc,question_level,1,sphynx_7,0.38000174678096704,0.40006169164362343,ica_faster
eeg,occ_isc,question_level,1,sphynx_10,0.289995850338593,0.2985617329734715,ica_faster
eeg,occ_isc,question_level,1,sphynx_4,0.300458309611128,0.3100233172875669,ica_faster
eeg,occ_isc,question_level,1,sphynx_11,0.19943404963206499,0.20214309185385862,ica_faster
eeg,occ_isc,question_level,1,sphynx_8,0.2024834852930088,0.20532086285020537,ica_faster
eeg,occ_isc,question_level,1,sphynx_9,0.3625600169231404,0.37983022313879466,ica_faster
eeg,occ_isc,question_level,1,sphynx_2,0.34588261706104534,0.3607592388562539,ica_faster
eeg,occ_isc,adapt_x_q,non_adapted_q2,sphynx_12,0.08301640164794023,0.08320790281759055,ica_faster
eeg,occ_isc,adapt_x_q,non_adapted_q2,sphynx_13,0.19764854386905334,0.20028431505019428,ica_faster
eeg,occ_isc,adapt_x_q,non_adapted_q2,sphynx_3,0.18674035344308082,0.18895760091448066,ica_faster
eeg,occ_isc,adapt_x_q,non_adapted_q2,trial_1_3,0.0441248608268848,0.04415353141122538,ica_faster
eeg,occ_isc,adapt_x_q,non_adapted_q2,sphynx_6,0.09111186124949955,0.09136524229349982,ica_faster
eeg,occ_isc,adapt_x_q,non_adapted_q2,sphynx_5_1,0.1904754364348978,0.19283045797737938,ica_faster
eeg,occ_isc,adapt_x_q,non_adapted_q2,sphynx_7,0.16608423567025,0.1676371061654813,ica_faster
eeg,occ_isc,adapt_x_q,non_adapted_q2,sphynx_10,0.11143438943900973,0.1118991068804402,ica_faster
eeg,occ_isc,adapt_x_q,non_adapted_q2,sphynx_4,0.05725097401945336,0.057313647329481125,ica_faster
eeg,occ_isc,adapt_x_q,non_adapted_q2,sphynx_11,-0.02211518756664779,-0.02211879400153625,ica_faster
eeg,occ_isc,adapt_x_q,non_adapted_q2,sphynx_8,0.10021968190721087,0.10055725357520351,ica_faster
eeg,occ_isc,adapt_x_q,non_adapted_q2,sphynx_9,0.16642341907524943,0.1679859312154842,ica_faster
eeg,occ_isc,adapt_x_q,non_adapted_q2,sphynx_2,0.14056065671535908,0.1414974871954427,ica_faster
eeg,occ_isc,adapt_x_q,semi_adapted_q2,sphynx_12,0.10477809239604342,0.10516407171205504,ica_faster
eeg,occ_isc,adapt_x_q,semi_adapted_q2,sphynx_13,0.21003135684040156,0.2132041502644341,ica_faster
eeg,occ_isc,adapt_x_q,semi_adapted_q2,sphynx_3,0.20673097162700138,0.20975394404795636,ica_faster
eeg,occ_isc,adapt_x_q,semi_adapted_q2,trial_1_3,0.22522621430639847,0.22915483667629227,ica_faster
eeg,occ_isc,adapt_x_q,semi_adapted_q2,sphynx_6,0.17707604873317326,0.17896246270307062,ica_faster
eeg,occ_isc,adapt_x_q,semi_adapted_q2,sphynx_5_1,0.2654753903218436,0.27198981639537717,ica_faster
eeg,occ_isc,adapt_x_q,semi_adapted_q2,sphynx_7,0.2216216379481043,0.2253608670179396,ica_faster
eeg,occ_isc,adapt_x_q,semi_adapted_q2,sphynx_10,0.24642972858989848,0.25160812633911134,ica_faster
eeg,occ_isc,adapt_x_q,semi_adapted_q2,sphynx_4,0.11760580685577365,0.11815255829521007,ica_faster
eeg,occ_isc,adapt_x_q,semi_adapted_q2,sphynx_11,0.12518173918855155,0.12584184234097517,ica_faster
eeg,occ_isc,adapt_x_q,semi_adapted_q2,sphynx_8,0.03127399067351628,0.03128419263350286,ica_faster
eeg,occ_isc,adapt_x_q,semi_adapted_q2,sphynx_9,0.24600336366673506,0.25115424600711667,ica_faster
eeg,occ_isc,adapt_x_q,semi_adapted_q2,sphynx_2,0.2207257454461864,0.2244188952518053,ica_faster
eeg,occ_isc,adapt_x_q,fully_adapted_q1,sphynx_12,0.18171696912682989,0.18375771910001207,ica_faster
eeg,occ_isc,adapt_x_q,fully_adapted_q1,sphynx_13,0.0998200690542556,0.10015360260221878,ica_faster
eeg,occ_isc,adapt_x_q,fully_adapted_q1,sphynx_3,0.16126809587824345,0.16268837993697988,ica_faster
eeg,occ_isc,adapt_x_q,fully_adapted_q1,trial_1_3,0.010331075634006936,0.010331443206650096,ica_faster
eeg,occ_isc,adapt_x_q,fully_adapted_q1,sphynx_6,0.03392522308524782,0.03393824716143378,ica_faster
eeg,occ_isc,adapt_x_q,fully_adapted_q1,sphynx_5_1,0.18811527930455496,0.190382585585176,ica_faster
eeg,occ_isc,adapt_x_q,fully_adapted_q1,sphynx_7,0.16229066957328275,0.1637384364084685,ica_faster
eeg,occ_isc,adapt_x_q,fully_adapted_q1,sphynx_10,0.09080574452743126,0.09105657178228616,ica_faster
eeg,occ_isc,adapt_x_q,fully_adapted_q1,sphynx_4,0.04770652776922185,0.04774276923716226,ica_faster
eeg,occ_isc,adapt_x_q,fully_adapted_q1,sphynx_11,0.1379419317787516,0.1388269769536522,ica_faster
eeg,occ_isc,adapt_x_q,fully_adapted_q1,sphynx_8,0.09150696395019776,0.09176366682778535,ica_faster
eeg,occ_isc,adapt_x_q,fully_adapted_q1,sphynx_9,0.2695541063591083,0.27638292978490897,ica_faster
eeg,occ_isc,adapt_x_q,fully_adapted_q1,sphynx_2,0.05577808151127748,0.05583603521747253,ica_faster
eeg,occ_isc,adapt_x_q,fully_adapted_q2,sphynx_12,0.05001544513727576,0.050057213137372984,ica_faster
eeg,occ_isc,adapt_x_q,fully_adapted_q2,sphynx_13,0.20439909703311968,0.20731918247694012,ica_faster
eeg,occ_isc,adapt_x_q,fully_adapted_q2,sphynx_3,0.16666099300768616,0.16823028255275962,ica_faster
eeg,occ_isc,adapt_x_q,fully_adapted_q2,trial_1_3,0.14672268873175046,0.14778936058256908,ica_faster
eeg,occ_isc,adapt_x_q,fully_adapted_q2,sphynx_6,0.12322383234622698,0.12385325826544073,ica_faster
eeg,occ_isc,adapt_x_q,fully_adapted_q2,sphynx_5_1,0.08575163502296916,0.0859627543274047,ica_faster
eeg,occ_isc,adapt_x_q,fully_adapted_q2,sphynx_7,0.08417877756423364,0.08437845937056893,ica_faster
eeg,occ_isc,adapt_x_q,fully_adapted_q2,sphynx_10,0.08195228925941045,0.08213650086280579,ica_faster
eeg,occ_isc,adapt_x_q,fully_adapted_q2,sphynx_4,0.22475299485408065,0.22865638545108308,ica_faster
eeg,occ_isc,adapt_x_q,fully_adapted_q2,sphynx_11,-0.059764607929199125,-0.05983591672126265,ica_faster
eeg,occ_isc,adapt_x_q,fully_adapted_q2,sphynx_8,0.12209035848595945,0.12270247095197924,ica_faster
eeg,occ_isc,adapt_x_q,fully_adapted_q2,sphynx_9,0.2575444104202623,0.2634765804568222,ica_faster
eeg,occ_isc,adapt_x_q,fully_adapted_q2,sphynx_2,0.18431291936261,0.1864436343608744,ica_faster
eeg,occ_isc,adapt_x_q,semi_adapted_q1,sphynx_12,0.03495755163778256,0.034971801818197736,ica_faster
eeg,occ_isc,adapt_x_q,semi_adapted_q1,sphynx_13,0.20593475038510176,0.20892231771909148,ica_faster
eeg,occ_isc,adapt_x_q,semi_adapted_q1,sphynx_3,0.12403936695969206,0.12468145167546066,ica_faster
eeg,occ_isc,adapt_x_q,semi_adapted_q1,trial_1_3,0.11609168065778289,0.1166174722930754,ica_faster
eeg,occ_isc,adapt_x_q,semi_adapted_q1,sphynx_6,0.20682080254127214,0.2098477873516974,ica_faster
eeg,occ_isc,adapt_x_q,semi_adapted_q1,sphynx_5_1,0.1662425906939631,0.16779995756221613,ica_faster
eeg,occ_isc,adapt_x_q,semi_adapted_q1,sphynx_7,0.0945625437591301,0.09484592751946433,ica_faster
eeg,occ_isc,adapt_x_q,semi_adapted_q1,sphynx_10,0.049448764243031164,0.04948912719089483,ica_faster
eeg,occ_isc,adapt_x_q,semi_adapted_q1,sphynx_4,0.13393317595796458,0.13474274260922836,ica_faster
eeg,occ_isc,adapt_x_q,semi_adapted_q1,sphynx_11,0.039192193731856485,0.03921227901567555,ica_faster
eeg,occ_isc,adapt_x_q,semi_adapted_q1,sphynx_8,0.06606113944021806,0.06615749042622524,ica_faster
eeg,occ_isc,adapt_x_q,semi_adapted_q1,sphynx_9,0.13027034082469807,0.13101484799055643,ica_faster
eeg,occ_isc,adapt_x_q,semi_adapted_q1,sphynx_2,0.23719705622141257,0.24180196426329992,ica_faster
eeg,occ_isc,adapt_x_q,non_adapted_q1,sphynx_12,0.08318030148202703,0.08337294230517756,ica_faster
eeg,occ_isc,adapt_x_q,non_adapted_q1,sphynx_13,0.00993701393937978,0.009937341033075588,ica_faster
eeg,occ_isc,adapt_x_q,non_adapted_q1,sphynx_3,0.10897829624143504,0.10941281527094199,ica_faster
eeg,occ_isc,adapt_x_q,non_adapted_q1,trial_1_3,0.08702687406351273,0.08724758235157236,ica_faster
eeg,occ_isc,adapt_x_q,non_adapted_q1,sphynx_6,0.035820015135447456,0.035835346844080525,ica_faster
eeg,occ_isc,adapt_x_q,non_adapted_q1,sphynx_5_1,0.19240782234559112,0.19483636073773858,ica_faster
eeg,occ_isc,adapt_x_q,non_adapted_q1,sphynx_7,0.14700111930548213,0.14807392884579448,ica_faster
eeg,occ_isc,adapt_x_q,non_adapted_q1,sphynx_10,0.17978010775414904,0.18175544257435086,ica_faster
eeg,occ_isc,adapt_x_q,non_adapted_q1,sphynx_4,0.2291270782678078,0.2332679833139075,ica_faster
eeg,occ_isc,adapt_x_q,non_adapted_q1,sphynx_11,0.13501837104787873,0.13584792361453718,ica_faster
eeg,occ_isc,adapt_x_q,non_adapted_q1,sphynx_8,0.027643870836046344,0.027650915730680865,ica_faster
eeg,occ_isc,adapt_x_q,non_adapted_q1,sphynx_9,0.1525227801465805,0.1537222904324894,ica_faster
eeg,occ_isc,adapt_x_q,non_adapted_q1,sphynx_2,0.20950132236560304,0.21264971976951857,ica_faster
eeg,occ_isc,adapt_x_nodes,non_adapted_n6,sphynx_12,-0.024782358958193574,-0.024787434317026905,ica_faster
eeg,occ_isc,adapt_x_nodes,non_adapted_n6,sphynx_13,0.1762755118257933,0.1781361323979344,ica_faster
eeg,occ_isc,adapt_x_nodes,non_adapted_n6,sphynx_3,0.03385047235378238,0.033863410488529186,ica_faster
eeg,occ_isc,adapt_x_nodes,non_adapted_n6,trial_1_3,0.039741551524818876,0.03976249385592368,ica_faster
eeg,occ_isc,adapt_x_nodes,non_adapted_n6,sphynx_6,-0.0014070822468544722,-0.0014070831754737858,ica_faster
eeg,occ_isc,adapt_x_nodes,non_adapted_n6,sphynx_5_1,0.10391921362526112,0.1042957379101721,ica_faster
eeg,occ_isc,adapt_x_nodes,non_adapted_n6,sphynx_7,0.06862976389132922,0.06873781917033493,ica_faster
eeg,occ_isc,adapt_x_nodes,non_adapted_n6,sphynx_10,0.08519726105842153,0.0854043003496787,ica_faster
eeg,occ_isc,adapt_x_nodes,non_adapted_n6,sphynx_4,0.037397170831141774,0.037414619392716036,ica_faster
eeg,occ_isc,adapt_x_nodes,non_adapted_n6,sphynx_11,0.1210742242514532,0.12167109049597026,ica_faster
eeg,occ_isc,adapt_x_nodes,non_adapted_n6,sphynx_8,0.13783194114256825,0.13871485455580884,ica_faster
eeg,occ_isc,adapt_x_nodes,non_adapted_n6,sphynx_9,0.14305064453868005,0.14403857476936824,ica_faster
eeg,occ_isc,adapt_x_nodes,non_adapted_n6,sphynx_2,0.15831063079527144,0.1596534219175765,ica_faster
eeg,occ_isc,adapt_x_nodes,non_adapted_n12,sphynx_12,0.12496669353158739,0.12562337914102722,ica_faster
eeg,occ_isc,adapt_x_nodes,non_adapted_n12,sphynx_13,0.13202850159279664,0.13280377917341882,ica_faster
eeg,occ_isc,adapt_x_nodes,non_adapted_n12,sphynx_3,0.1343721712212638,0.1351897832436327,ica_faster
eeg,occ_isc,adapt_x_nodes,non_adapted_n12,trial_1_3,0.14896894162005422,0.15008581122520548,ica_faster
eeg,occ_isc,adapt_x_nodes,non_adapted_n12,sphynx_6,0.17565548727251043,0.17749629601938494,ica_faster
eeg,occ_isc,adapt_x_nodes,non_adapted_n12,sphynx_5_1,0.19875559940705542,0.2014366386770136,ica_faster
eeg,occ_isc,adapt_x_nodes,non_adapted_n12,sphynx_7,0.2642758346245854,0.2706997506584902,ica_faster
eeg,occ_isc,adapt_x_nodes,non_adapted_n12,sphynx_10,0.151614850777677,0.1527928681740116,ica_faster
eeg,occ_isc,adapt_x_nodes,non_adapted_n12,sphynx_4,0.21784626314812525,0.22139395195409797,ica_faster
eeg,occ_isc,adapt_x_nodes,non_adapted_n12,sphynx_11,0.10483023027319328,0.10521678862718638,ica_faster
eeg,occ_isc,adapt_x_nodes,non_adapted_n12,sphynx_8,0.05621382832717827,0.05627315264259353,ica_faster
eeg,occ_isc,adapt_x_nodes,non_adapted_n12,sphynx_9,0.14099498684333678,0.14194059909770432,ica_faster
eeg,occ_isc,adapt_x_nodes,non_adapted_n12,sphynx_2,0.16524836722077518,0.1667776495968127,ica_faster
eeg,occ_isc,adapt_x_nodes,semi_adapted_n12,sphynx_12,-0.03164056314726468,-0.03165112821625103,ica_faster
eeg,occ_isc,adapt_x_nodes,semi_adapted_n12,sphynx_13,0.2273140834762567,0.23135537012635915,ica_faster
eeg,occ_isc,adapt_x_nodes,semi_adapted_n12,sphynx_3,0.21953476296986119,0.22316726178283072,ica_faster
eeg,occ_isc,adapt_x_nodes,semi_adapted_n12,trial_1_3,0.25990458400722977,0.26600607584141595,ica_faster
eeg,occ_isc,adapt_x_nodes,semi_adapted_n12,sphynx_6,0.27121962912291536,0.2781798222079655,ica_faster
eeg,occ_isc,adapt_x_nodes,semi_adapted_n12,sphynx_5_1,0.303301089580894,0.313151143217656,ica_faster
eeg,occ_isc,adapt_x_nodes,semi_adapted_n12,sphynx_7,0.1203604153369339,0.1209467256176024,ica_faster
eeg,occ_isc,adapt_x_nodes,semi_adapted_n12,sphynx_10,0.18861062757763586,0.19089615564532417,ica_faster
eeg,occ_isc,adapt_x_nodes,semi_adapted_n12,sphynx_4,0.13634952318672472,0.1372040422946051,ica_faster
eeg,occ_isc,adapt_x_nodes,semi_adapted_n12,sphynx_11,0.0847681641543214,0.08497208193077613,ica_faster
eeg,occ_isc,adapt_x_nodes,semi_adapted_n12,sphynx_8,-0.016321918088622836,-0.01632336773392993,ica_faster
eeg,occ_isc,adapt_x_nodes,semi_adapted_n12,sphynx_9,0.2844546518405521,0.2925222675636923,ica_faster
eeg,occ_isc,adapt_x_nodes,semi_adapted_n12,sphynx_2,0.1884728541658366,0.1907533041500174,ica_faster
eeg,occ_isc,adapt_x_nodes,fully_adapted_n6,sphynx_12,0.18405432203000782,0.1861759564257287,ica_faster
eeg,occ_isc,adapt_x_nodes,fully_adapted_n6,sphynx_13,0.299690682440595,0.3091797294420724,ica_faster
eeg,occ_isc,adapt_x_nodes,fully_adapted_n6,sphynx_3,0.20460118640506306,0.2075300921575209,ica_faster
eeg,occ_isc,adapt_x_nodes,fully_adapted_n6,trial_1_3,0.127343486158174,0.1280386116614187,ica_faster
eeg,occ_isc,adapt_x_nodes,fully_adapted_n6,sphynx_6,-0.0954487741048567,-0.09574022996702512,ica_faster
eeg,occ_isc,adapt_x_nodes,fully_adapted_n6,sphynx_5_1,0.12323926002154281,0.12386892383836627,ica_faster
eeg,occ_isc,adapt_x_nodes,fully_adapted_n6,sphynx_7,0.22174033637671284,0.2254857000489676,ica_faster
eeg,occ_isc,adapt_x_nodes,fully_adapted_n6,sphynx_10,0.10028715126559437,0.1006254079358867,ica_faster
eeg,occ_isc,adapt_x_nodes,fully_adapted_n6,sphynx_4,0.11082220704949959,0.11127926979332056,ica_faster
eeg,occ_isc,adapt_x_nodes,fully_adapted_n6,sphynx_11,0.04117744373288449,0.04120074068099244,ica_faster
eeg,occ_isc,adapt_x_nodes,fully_adapted_n6,sphynx_8,0.05941325874010045,0.059483315497611884,ica_faster
eeg,occ_isc,adapt_x_nodes,fully_adapted_n6,sphynx_9,0.28292148211983287,0.2908549102905105,ica_faster
eeg,occ_isc,adapt_x_nodes,fully_adapted_n6,sphynx_2,0.048815111972883955,0.0488539415947071,ica_faster
eeg,occ_isc,adapt_x_nodes,semi_adapted_n6,sphynx_12,-0.04844686204423757,-0.04848481869619904,ica_faster
eeg,occ_isc,adapt_x_nodes,semi_adapted_n6,sphynx_13,0.20101962692650407,0.2037948914995481,ica_faster
eeg,occ_isc,adapt_x_nodes,semi_adapted_n6,sphynx_3,0.23435027112669782,0.23878761111157543,ica_faster
eeg,occ_isc,adapt_x_nodes,semi_adapted_n6,trial_1_3,0.09716904850439813,0.09747661044541131,ica_faster
eeg,occ_isc,adapt_x_nodes,semi_adapted_n6,sphynx_6,0.19431842713509068,0.19682117711588512,ica_faster
eeg,occ_isc,adapt_x_nodes,semi_adapted_n6,sphynx_5_1,0.0977006953735932,0.09801335292155973,ica_faster
eeg,occ_isc,adapt_x_nodes,semi_adapted_n6,sphynx_7,0.11764683870044731,0.11819416581959219,ica_faster
eeg,occ_isc,adapt_x_nodes,semi_adapted_n6,sphynx_10,0.13476998314962946,0.13559493217152666,ica_faster
eeg,occ_isc,adapt_x_nodes,semi_adapted_n6,sphynx_4,0.2025064094967539,0.20534476723418207,ica_faster
eeg,occ_isc,adapt_x_nodes,semi_adapted_n6,sphynx_11,0.10219357999538933,0.10255157978664058,ica_faster
eeg,occ_isc,adapt_x_nodes,semi_adapted_n6,sphynx_8,0.1547297925683757,0.15598265070432638,ica_faster
eeg,occ_isc,adapt_x_nodes,semi_adapted_n6,sphynx_9,0.146583895019784,0.14764751619647387,ica_faster
eeg,occ_isc,adapt_x_nodes,semi_adapted_n6,sphynx_2,0.22564714601421698,0.22959830626923677,ica_faster
eeg,occ_isc,adapt_x_nodes,fully_adapted_n12,sphynx_12,0.13605414503308938,0.13690308102426357,ica_faster
eeg,occ_isc,adapt_x_nodes,fully_adapted_n12,sphynx_13,0.04847703864131678,0.04851506633168645,ica_faster
eeg,occ_isc,adapt_x_nodes,fully_adapted_n12,sphynx_3,0.20871578124141948,0.21182825908817124,ica_faster
eeg,occ_isc,adapt_x_nodes,fully_adapted_n12,trial_1_3,0.003551599027607034,0.0035516139608392106,ica_faster
eeg,occ_isc,adapt_x_nodes,fully_adapted_n12,sphynx_6,0.1428186767291568,0.14380176894049332,ica_faster
eeg,occ_isc,adapt_x_nodes,fully_adapted_n12,sphynx_5_1,0.12184049491910545,0.12244883439658094,ica_faster
eeg,occ_isc,adapt_x_nodes,fully_adapted_n12,sphynx_7,0.2742320666656775,0.2814343314056983,ica_faster
eeg,occ_isc,adapt_x_nodes,fully_adapted_n12,sphynx_10,0.0029124933202203927,0.002912501555451087,ica_faster
eeg,occ_isc,adapt_x_nodes,fully_adapted_n12,sphynx_4,0.16200082951334657,0.16344077033482238,ica_faster
eeg,occ_isc,adapt_x_nodes,fully_adapted_n12,sphynx_11,0.08526911369082128,0.08547667878948934,ica_faster
eeg,occ_isc,adapt_x_nodes,fully_adapted_n12,sphynx_8,0.2371037798233375,0.24170312935838034,ica_faster
eeg,occ_isc,adapt_x_nodes,fully_adapted_n12,sphynx_9,0.20406880612003683,0.20697451495858177,ica_faster
eeg,occ_isc,adapt_x_nodes,fully_adapted_n12,sphynx_2,0.09211286784598659,0.09237472135860919,ica_faster
