participant,adaptation,graph_nodes,question_level,n_trials,n_responded,response_rate,rt_mean_observed,rt_median_observed,rt_mean_analysis,rt_median_analysis
sphynx_10,fully_adapted,6,1,4,4,1.0,7.357433700000094,5.326505650000058,7.357433700000094,5.326505650000058
sphynx_10,fully_adapted,6,2,4,4,1.0,7.99481017499987,7.225762999999887,7.99481017499987,7.225762999999887
sphynx_10,fully_adapted,12,1,4,4,1.0,8.961932625000031,8.916890299999977,8.961932625000031,8.916890299999977
sphynx_10,fully_adapted,12,2,4,4,1.0,10.214192224999977,10.510670699999878,10.214192224999977,10.510670699999878
sphynx_10,non_adapted,6,1,4,4,1.0,6.183367300000057,6.201714050000305,6.183367300000057,6.201714050000305
sphynx_10,non_adapted,6,2,4,4,1.0,9.977712475000143,9.782814900000055,9.977712475000143,9.782814900000055
sphynx_10,non_adapted,12,1,4,4,1.0,12.07811877499995,10.470373199999926,12.07811877499995,10.470373199999926
sphynx_10,non_adapted,12,2,4,2,0.5,11.055244950000088,11.055244950000088,11.055244950000088,11.055244950000088
sphynx_10,semi_adapted,6,1,4,4,1.0,6.3676011000000585,5.9453567499999735,6.3676011000000585,5.9453567499999735
sphynx_10,semi_adapted,6,2,4,4,1.0,9.503377299999954,9.453546600000095,9.503377299999954,9.453546600000095
sphynx_10,semi_adapted,12,1,4,4,1.0,6.837308150000098,6.87380260000009,6.837308150000098,6.87380260000009
sphynx_10,semi_adapted,12,2,4,4,1.0,14.05405944999989,15.209449949999907,14.05405944999989,15.209449949999907
sphynx_11,fully_adapted,6,1,4,4,1.0,6.6036489249981685,6.001859449996118,6.6036489249981685,6.001859449996118
sphynx_11,fully_adapted,6,2,4,4,1.0,8.49130207499735,8.592227049997746,8.49130207499735,8.592227049997746
sphynx_11,fully_adapted,12,1,4,4,1.0,8.518512400001782,8.18971870000314,8.518512400001782,8.18971870000314
sphynx_11,fully_adapted,12,2,4,3,0.75,9.745949699999224,10.345577099993534,9.745949699999224,10.345577099993534
sphynx_11,non_adapted,6,1,4,4,1.0,7.212884700000231,7.162373899998784,7.212884700000231,7.162373899998784
sphynx_11,non_adapted,6,2,4,4,1.0,11.005728075002594,10.815399500003195,11.005728075002594,10.815399500003195
sphynx_11,non_adapted,12,1,4,4,1.0,10.691310475001956,11.215616350000346,10.691310475001956,11.215616350000346
sphynx_11,non_adapted,12,2,4,2,0.5,14.15297185000236,14.15297185000236,14.15297185000236,14.15297185000236
sphynx_11,semi_adapted,6,1,4,4,1.0,7.343339549999655,6.164674650000961,7.343339549999655,6.164674650000961
sphynx_11,semi_adapted,6,2,4,4,1.0,9.382894324999143,9.620088200001192,9.382894324999143,9.620088200001192
sphynx_11,semi_adapted,12,1,4,4,1.0,6.110084225003391,5.3313942500026315,6.110084225003391,5.3313942500026315
sphynx_11,semi_adapted,12,2,4,2,0.5,17.685154050002893,17.685154050002893,17.685154050002893,17.685154050002893
sphynx_12,fully_adapted,6,1,4,4,1.0,4.705059449996014,4.662041399998998,4.705059449996014,4.662041399998998
sphynx_12,fully_adapted,6,2,4,4,1.0,6.65184532499552,6.923189399996772,6.65184532499552,6.923189399996772
sphynx_12,fully_adapted,12,1,4,4,1.0,7.06045014999836,6.855523799997172,7.06045014999836,6.855523799997172
sphynx_12,fully_adapted,12,2,4,4,1.0,10.557859399996119,10.323356149994538,10.557859399996119,10.323356149994538
sphynx_12,non_adapted,6,1,4,4,1.0,6.478472924998698,6.31652680000127,6.478472924998698,6.31652680000127
sphynx_12,non_adapted,6,2,4,4,1.0,7.954332224999291,7.952475950005578,7.954332224999291,7.952475950005578
sphynx_12,non_adapted,12,1,4,4,1.0,9.791337924994878,8.606582599997637,9.791337924994878,8.606582599997637
sphynx_12,non_adapted,12,2,4,2,0.5,12.507366849997197,12.507366849997197,12.507366849997197,12.507366849997197
sphynx_12,semi_adapted,6,1,4,4,1.0,5.240521424999329,4.956473399994167,5.240521424999329,4.956473399994167
sphynx_12,semi_adapted,6,2,4,4,1.0,9.768906650002407,9.774730099998123,9.768906650002407,9.774730099998123
sphynx_12,semi_adapted,12,1,4,4,1.0,7.141202725000824,7.1843529999970315,7.141202725000824,7.1843529999970315
sphynx_12,semi_adapted,12,2,4,4,1.0,12.35371227499843,11.133961450002971,12.35371227499843,11.133961450002971
sphynx_13,fully_adapted,6,1,4,4,1.0,4.826553774997592,3.8213511499999413,4.826553774997592,3.8213511499999413
sphynx_13,fully_adapted,6,2,4,4,1.0,6.692059625002059,5.554366199998299,6.692059625002059,5.554366199998299
sphynx_13,fully_adapted,12,1,4,4,1.0,6.8251486500012675,7.03472014999727,6.8251486500012675,7.03472014999727
sphynx_13,fully_adapted,12,2,4,4,1.0,9.795203325000273,9.476802950004526,9.795203325000273,9.476802950004526
sphynx_13,non_adapted,6,1,4,4,1.0,5.8725486999938425,6.193616799988376,5.8725486999938425,6.193616799988376
sphynx_13,non_adapted,6,2,4,4,1.0,11.749061700000258,10.869004550004206,11.749061700000258,10.869004550004206
sphynx_13,non_adapted,12,1,4,4,1.0,8.71192344999514,8.683081099996343,8.71192344999514,8.683081099996343
sphynx_13,non_adapted,12,2,4,2,0.5,14.662282049997884,14.662282049997884,14.662282049997884,14.662282049997884
sphynx_13,semi_adapted,6,1,4,4,1.0,5.3849697000004255,4.136472050005949,5.3849697000004255,4.136472050005949
sphynx_13,semi_adapted,6,2,4,4,1.0,9.545936975002377,9.769278799998517,9.545936975002377,9.769278799998517
sphynx_13,semi_adapted,12,1,4,4,1.0,5.0878918250020035,4.938225200006855,5.0878918250020035,4.938225200006855
sphynx_13,semi_adapted,12,2,4,4,1.0,10.972766299997609,10.742677299997013,10.972766299997609,10.742677299997013
sphynx_2,fully_adapted,6,1,4,4,1.0,5.048028400000533,4.789242400001967,5.048028400000533,4.789242400001967
sphynx_2,fully_adapted,6,2,4,4,1.0,8.06983982498781,7.944054649982718,8.06983982498781,7.944054649982718
sphynx_2,fully_adapted,12,1,4,4,1.0,8.143052350002108,8.27325595000002,8.143052350002108,8.27325595000002
sphynx_2,fully_adapted,12,2,4,4,1.0,10.327139100001716,10.316344200007734,10.327139100001716,10.316344200007734
sphynx_2,non_adapted,6,1,4,4,1.0,7.4960625749955625,7.345038049999971,7.4960625749955625,7.345038049999971
sphynx_2,non_adapted,6,2,4,4,1.0,9.300056150001183,9.289212649993715,9.300056150001183,9.289212649993715
sphynx_2,non_adapted,12,1,4,4,1.0,9.858972574998916,10.226271649997216,9.858972574998916,10.226271649997216
sphynx_2,non_adapted,12,2,4,3,0.75,15.50682883332289,14.910789199988358,15.50682883332289,14.910789199988358
sphynx_2,semi_adapted,6,1,4,4,1.0,5.871231374992888,5.886971649990329,5.871231374992888,5.886971649990329
sphynx_2,semi_adapted,6,2,4,4,1.0,8.199592750002864,8.309898199993654,8.199592750002864,8.309898199993654
sphynx_2,semi_adapted,12,1,4,4,1.0,6.992058925003221,6.624301549993106,6.992058925003221,6.624301549993106
sphynx_2,semi_adapted,12,2,4,3,0.75,12.637888433334032,13.711540299991611,12.637888433334032,13.711540299991611
sphynx_3,fully_adapted,6,1,4,4,1.0,5.323262474994294,5.542991399997845,5.323262474994294,5.542991399997845
sphynx_3,fully_adapted,6,2,4,0,0.0,,,,
sphynx_3,fully_adapted,12,1,4,4,1.0,7.086752750001381,5.395890549989417,7.086752750001381,5.395890549989417
sphynx_3,fully_adapted,12,2,4,4,1.0,10.654409500006409,9.605204300009177,10.654409500006409,9.605204300009177
sphynx_3,non_adapted,6,1,4,4,1.0,6.370164824999051,5.585473849991331,6.370164824999051,5.585473849991331
sphynx_3,non_adapted,6,2,4,2,0.5,10.31122540001536,10.31122540001536,10.31122540001536,10.31122540001536
sphynx_3,non_adapted,12,1,4,3,0.75,9.952756066661095,9.192540599993663,9.952756066661095,9.192540599993663
sphynx_3,non_adapted,12,2,4,4,1.0,14.64705730000422,15.346249399997731,14.64705730000422,15.346249399997731
sphynx_3,semi_adapted,6,1,4,4,1.0,5.464453549997415,5.375181299998076,5.464453549997415,5.375181299998076
sphynx_3,semi_adapted,6,2,4,3,0.75,14.745504733330298,14.824400699988473,14.745504733330298,14.824400699988473
sphynx_3,semi_adapted,12,1,4,4,1.0,5.998634099996792,6.062651849992278,5.998634099996792,6.062651849992278
sphynx_3,semi_adapted,12,2,4,2,0.5,13.884356449998677,13.884356449998677,13.884356449998677,13.884356449998677
sphynx_4,fully_adapted,6,1,4,4,1.0,4.490210324999445,4.784947699999847,4.490210324999445,4.784947699999847
sphynx_4,fully_adapted,6,2,4,4,1.0,6.167868099999467,5.4065849500003935,6.167868099999467,5.4065849500003935
sphynx_4,fully_adapted,12,1,4,4,1.0,9.512827749999815,8.286343699997815,9.512827749999815,8.286343699997815
sphynx_4,fully_adapted,12,2,4,4,1.0,9.256132800001069,9.956239750001373,9.256132800001069,9.956239750001373
sphynx_4,non_adapted,6,1,4,4,1.0,6.913663324999888,6.8935034999992695,6.913663324999888,6.8935034999992695
sphynx_4,non_adapted,6,2,4,3,0.75,11.618383933334139,10.903302400001849,11.618383933334139,10.903302400001849
sphynx_4,non_adapted,12,1,4,4,1.0,10.834075949998748,10.689118999998641,10.834075949998748,10.689118999998641
sphynx_4,non_adapted,12,2,4,2,0.5,15.815059849997851,15.815059849997851,15.815059849997851,15.815059849997851
sphynx_4,semi_adapted,6,1,4,4,1.0,4.859581724999842,4.731067799999579,4.859581724999842,4.731067799999579
sphynx_4,semi_adapted,6,2,4,4,1.0,10.369992250000962,9.935009300001298,10.369992250000962,9.935009300001298
sphynx_4,semi_adapted,12,1,4,4,1.0,5.337257524999643,5.755863149999755,5.337257524999643,5.755863149999755
sphynx_4,semi_adapted,12,2,4,4,1.0,14.601189125000026,15.528734049998107,14.601189125000026,15.528734049998107
sphynx_5_1,fully_adapted,6,1,4,4,1.0,4.904301100003011,5.149931649997598,4.904301100003011,5.149931649997598
sphynx_5_1,fully_adapted,6,2,4,4,1.0,8.599680049999733,8.105796599993482,8.599680049999733,8.105796599993482
sphynx_5_1,fully_adapted,12,1,4,4,1.0,6.879505250006332,7.328663250023965,6.879505250006332,7.328663250023965
sphynx_5_1,fully_adapted,12,2,4,4,1.0,8.754088050001997,8.019519100024127,8.754088050001997,8.019519100024127
sphynx_5_1,non_adapted,6,1,4,4,1.0,7.647659474998363,8.12547974998597,7.647659474998363,8.12547974998597
sphynx_5_1,non_adapted,6,2,4,4,1.0,13.1996651999944,13.313059350010008,13.1996651999944,13.313059350010008
sphynx_5_1,non_adapted,12,1,4,4,1.0,11.157800874992986,11.498839299980347,11.157800874992986,11.498839299980347
sphynx_5_1,non_adapted,12,2,4,3,0.75,15.653980166651309,17.410489099973347,15.653980166651309,17.410489099973347
sphynx_5_1,semi_adapted,6,1,4,4,1.0,3.667005024981279,3.5995441999693867,3.667005024981279,3.5995441999693867
sphynx_5_1,semi_adapted,6,2,4,4,1.0,12.841992500019849,12.825870150030838,12.841992500019849,12.825870150030838
sphynx_5_1,semi_adapted,12,1,4,3,0.75,4.962454033336447,5.8673505000188015,4.962454033336447,5.8673505000188015
sphynx_5_1,semi_adapted,12,2,4,4,1.0,13.200392900005621,13.732016900001327,13.200392900005621,13.732016900001327
sphynx_6,fully_adapted,6,1,4,4,1.0,3.5608389000117313,3.4353083000169136,3.5608389000117313,3.4353083000169136
sphynx_6,fully_adapted,6,2,4,4,1.0,7.362414224975737,7.256132549984841,7.362414224975737,7.256132549984841
sphynx_6,fully_adapted,12,1,4,4,1.0,7.39881647500448,7.436886750016129,7.39881647500448,7.436886750016129
sphynx_6,fully_adapted,12,2,4,4,1.0,10.396795649998353,9.697885699977633,10.396795649998353,9.697885699977633
sphynx_6,non_adapted,6,1,4,4,1.0,5.670357425013151,5.460791299992593,5.670357425013151,5.460791299992593
sphynx_6,non_adapted,6,2,4,3,0.75,10.481004733301196,9.544537899957504,10.481004733301196,9.544537899957504
sphynx_6,non_adapted,12,1,4,4,1.0,8.154698475002135,8.126336300018124,8.154698475002135,8.126336300018124
sphynx_6,non_adapted,12,2,4,2,0.5,14.738041500007967,14.738041500007967,14.738041500007967,14.738041500007967
sphynx_6,semi_adapted,6,1,4,4,1.0,3.2922755249892504,3.4719225000008294,3.2922755249892504,3.4719225000008294
sphynx_6,semi_adapted,6,2,4,4,1.0,9.184263049988601,9.093828749988461,9.184263049988601,9.093828749988461
sphynx_6,semi_adapted,12,1,4,4,1.0,3.7505766249815906,3.9774459499752197,3.7505766249815906,3.9774459499752197
sphynx_6,semi_adapted,12,2,4,2,0.5,11.807218550005814,11.807218550005814,11.807218550005814,11.807218550005814
sphynx_7,fully_adapted,6,1,4,4,1.0,6.057810600002853,4.826294600032156,6.057810600002853,4.826294600032156
sphynx_7,fully_adapted,6,2,4,4,1.0,8.553550600015981,9.119227799994434,8.553550600015981,9.119227799994434
sphynx_7,fully_adapted,12,1,4,4,1.0,5.112400949990786,4.847442350001074,5.112400949990786,4.847442350001074
sphynx_7,fully_adapted,12,2,4,4,1.0,11.657363499980647,11.093196499976557,11.657363499980647,11.093196499976557
sphynx_7,non_adapted,6,1,4,4,1.0,7.0579748750606655,7.0684986000416075,7.0579748750606655,7.0684986000416075
sphynx_7,non_adapted,6,2,4,4,1.0,11.950696225045249,12.43412720004551,11.950696225045249,12.43412720004551
sphynx_7,non_adapted,12,1,4,4,1.0,11.668584850005573,9.943340500001682,11.668584850005573,9.943340500001682
sphynx_7,non_adapted,12,2,4,3,0.75,15.934603399985159,15.553835900034755,15.934603399985159,15.553835900034755
sphynx_7,semi_adapted,6,1,4,4,1.0,3.309775474976007,3.218401199963324,3.309775474976007,3.218401199963324
sphynx_7,semi_adapted,6,2,4,4,1.0,13.843506649980554,14.220303099951707,13.843506649980554,14.220303099951707
sphynx_7,semi_adapted,12,1,4,4,1.0,8.020151274977195,7.343903000000864,8.020151274977195,7.343903000000864
sphynx_7,semi_adapted,12,2,4,4,1.0,13.414747350034247,13.041457300016077,13.414747350034247,13.041457300016077
sphynx_8,fully_adapted,6,1,4,4,1.0,5.287545374973014,5.97122795000918,5.287545374973014,5.97122795000918
sphynx_8,fully_adapted,6,2,4,4,1.0,6.255568449967541,6.117410199949404,6.255568449967541,6.117410199949404
sphynx_8,fully_adapted,12,1,4,3,0.75,5.80717570000949,5.332011800026521,5.80717570000949,5.332011800026521
sphynx_8,fully_adapted,12,2,4,3,0.75,8.467033833304109,8.354163500014465,8.467033833304109,8.354163500014465
sphynx_8,non_adapted,6,1,4,4,1.0,9.820939274999546,9.048132999974882,9.820939274999546,9.048132999974882
sphynx_8,non_adapted,6,2,4,3,0.75,12.316427433320163,11.258821499999613,12.316427433320163,11.258821499999613
sphynx_8,non_adapted,12,1,4,4,1.0,7.906007925048485,8.079836450051545,7.906007925048485,8.079836450051545
sphynx_8,non_adapted,12,2,4,3,0.75,12.019056133343833,10.981886200024746,12.019056133343833,10.981886200024746
sphynx_8,semi_adapted,6,1,4,4,1.0,6.005961199960382,6.580309999990163,6.005961199960382,6.580309999990163
sphynx_8,semi_adapted,6,2,4,4,1.0,13.391895425011164,14.798402500047814,13.391895425011164,14.798402500047814
sphynx_8,semi_adapted,12,1,4,4,1.0,9.436317674990278,8.036058400000911,9.436317674990278,8.036058400000911
sphynx_8,semi_adapted,12,2,4,4,1.0,13.113795625045896,13.688441200065427,13.113795625045896,13.688441200065427
sphynx_9,fully_adapted,6,1,4,4,1.0,7.107223124971,5.836754999938421,7.107223124971,5.836754999938421
sphynx_9,fully_adapted,6,2,4,4,1.0,9.717577699950127,9.38546339998706,9.717577699950127,9.38546339998706
sphynx_9,fully_adapted,12,1,4,4,1.0,8.859475224977302,6.626719399995636,8.859475224977302,6.626719399995636
sphynx_9,fully_adapted,12,2,4,3,0.75,10.860295366650993,9.270975999999791,10.860295366650993,9.270975999999791
sphynx_9,non_adapted,6,1,4,4,1.0,9.376912099978526,8.601722099934562,9.376912099978526,8.601722099934562
sphynx_9,non_adapted,6,2,4,3,0.75,11.544324800022872,11.136211200035177,11.544324800022872,11.136211200035177
sphynx_9,non_adapted,12,1,4,4,1.0,10.497298224974713,10.665371899958814,10.497298224974713,10.665371899958814
sphynx_9,non_adapted,12,2,4,3,0.75,13.913501033326611,14.535071399994195,13.913501033326611,14.535071399994195
sphynx_9,semi_adapted,6,1,4,4,1.0,7.187092900014193,6.193658100033531,7.187092900014193,6.193658100033531
sphynx_9,semi_adapted,6,2,4,4,1.0,13.985852399957366,14.229474149935413,13.985852399957366,14.229474149935413
sphynx_9,semi_adapted,12,1,4,4,1.0,9.081253100011992,8.285032199986802,9.081253100011992,8.285032199986802
sphynx_9,semi_adapted,12,2,4,3,0.75,15.454849566643512,16.950345299905166,15.454849566643512,16.950345299905166
trial_1_3,fully_adapted,6,1,4,4,1.0,6.285600900009825,5.4447756499866955,6.285600900009825,5.4447756499866955
trial_1_3,fully_adapted,6,2,4,4,1.0,10.79526279997669,11.430500199960207,10.79526279997669,11.430500199960207
trial_1_3,fully_adapted,12,1,4,4,1.0,6.836406950023957,5.972288049990311,6.836406950023957,5.972288049990311
trial_1_3,fully_adapted,12,2,4,4,1.0,11.048014375031926,11.251965050061585,11.048014375031926,11.251965050061585
trial_1_3,non_adapted,6,1,4,4,1.0,4.825731999997473,4.564287249988439,4.825731999997473,4.564287249988439
trial_1_3,non_adapted,6,2,4,4,1.0,12.03596672500129,11.923197449999865,12.03596672500129,11.923197449999865
trial_1_3,non_adapted,12,1,4,4,1.0,8.849601300025938,8.961384100024816,8.849601300025938,8.961384100024816
trial_1_3,non_adapted,12,2,4,3,0.75,15.012502766679972,16.3933481000131,15.012502766679972,16.3933481000131
trial_1_3,semi_adapted,6,1,4,4,1.0,3.0827972749829513,2.690276150009595,3.0827972749829513,2.690276150009595
trial_1_3,semi_adapted,6,2,4,4,1.0,8.896872524986975,9.318949749984313,8.896872524986975,9.318949749984313
trial_1_3,semi_adapted,12,1,4,4,1.0,6.609858124982566,5.329662550007924,6.609858124982566,5.329662550007924
trial_1_3,semi_adapted,12,2,4,2,0.5,11.40571399999294,11.40571399999294,11.40571399999294,11.40571399999294
