kind,source,feature,outcome,n,spearman_r,p_raw,mean_feature_delta,mean_outcome_delta,p_fdr_outcome,sig_raw_0.05,sig_fdr_outcome
paired_non_minus_full,clipgaze,saliency_mean,delta_rt_median,16,0.13529411764705881,0.6173674089706421,-0.0012672280996495994,2.87464056875812,0.9579242202960289,False,False
paired_non_minus_full,clipgaze,saliency_mean,delta_accuracy,16,0.3207276320366669,0.22583222519447074,-0.0012672280996495994,-0.08653846153846154,0.650178697926013,False,False
paired_non_minus_full,clipgaze,saliency_mean,delta_response_rate,16,-0.2587372635261529,0.3332392140622625,-0.0012672280996495994,-0.08173076923076925,0.9656870340134402,False,False
paired_non_minus_full,clipgaze,saliency_mean,delta_et_n_fixations,16,0.23633910036496203,0.3781817282374179,-0.0012672280996495994,-5.90625,0.6649368343724686,False,False
paired_non_minus_full,clipgaze,saliency_mean,delta_et_mean_fix_dur,16,0.047058823529411764,0.8626036946668733,-0.0012672280996495994,0.07918801908214973,0.9739022165316701,False,False
paired_non_minus_full,clipgaze,saliency_mean,delta_et_mean_saccade_mag,16,0.27941176470588236,0.2946176535684143,-0.0012672280996495994,-2.1825431256641146,0.5982975602745494,False,False
paired_non_minus_full,clipgaze,saliency_std,delta_rt_median,16,0.15588235294117647,0.5642819694728023,-0.003344860329454369,2.87464056875812,0.9579242202960289,False,False
paired_non_minus_full,clipgaze,saliency_std,delta_accuracy,16,0.31924278188834904,0.2281097474243818,-0.003344860329454369,-0.08653846153846154,0.650178697926013,False,False
paired_non_minus_full,clipgaze,saliency_std,delta_response_rate,16,-0.2587372635261529,0.3332392140622625,-0.003344860329454369,-0.08173076923076925,0.9656870340134402,False,False
paired_non_minus_full,clipgaze,saliency_std,delta_et_n_fixations,16,0.2732670847969874,0.30580583979664044,-0.003344860329454369,-5.90625,0.6649368343724686,False,False
paired_non_minus_full,clipgaze,saliency_std,delta_et_mean_fix_dur,16,0.01764705882352941,0.9482801500547113,-0.003344860329454369,0.07918801908214973,0.9913748045563624,False,False
paired_non_minus_full,clipgaze,saliency_std,delta_et_mean_saccade_mag,16,0.25,0.35039147910720203,-0.003344860329454369,-2.1825431256641146,0.5982975602745494,False,False
paired_non_minus_full,clipgaze,saliency_entropy,delta_rt_median,16,0.06764705882352941,0.8034203137966693,-0.031934962250591115,2.87464056875812,0.9579242202960289,False,False
paired_non_minus_full,clipgaze,saliency_entropy,delta_accuracy,16,0.04751520474617288,0.8612831596758154,-0.031934962250591115,-0.08653846153846154,0.9564742244086675,False,False
paired_non_minus_full,clipgaze,saliency_entropy,delta_response_rate,16,-0.11858791244948676,0.661804979615314,-0.031934962250591115,-0.08173076923076925,0.9656870340134402,False,False
paired_non_minus_full,clipgaze,saliency_entropy,delta_et_n_fixations,16,0.19202551904653165,0.4761745880614837,-0.031934962250591115,-5.90625,0.6905982285222954,False,False
paired_non_minus_full,clipgaze,saliency_entropy,delta_et_mean_fix_dur,16,0.11470588235294117,0.6722910465997233,-0.031934962250591115,0.07918801908214973,0.9473192020268827,False,False
paired_non_minus_full,clipgaze,saliency_entropy,delta_et_mean_saccade_mag,16,0.24705882352941175,0.35627504151257744,-0.031934962250591115,-2.1825431256641146,0.5982975602745494,False,False
paired_non_minus_full,clipgaze,saliency_center_bias,delta_rt_median,16,0.07058823529411765,0.7950393023376281,-0.01003100761304565,2.87464056875812,0.9579242202960289,False,False
paired_non_minus_full,clipgaze,saliency_center_bias,delta_accuracy,16,0.16481836646328715,0.5418684747389311,-0.01003100761304565,-0.08653846153846154,0.9526467211970105,False,False
paired_non_minus_full,clipgaze,saliency_center_bias,delta_response_rate,16,-0.044662980013443064,0.8695415673059766,-0.01003100761304565,-0.08173076923076925,0.9683916249720633,False,False
paired_non_minus_full,clipgaze,saliency_center_bias,delta_et_n_fixations,16,0.03397374567746329,0.9005976053013898,-0.01003100761304565,-5.90625,0.9005976053013898,False,False
paired_non_minus_full,clipgaze,saliency_center_bias,delta_et_mean_fix_dur,16,0.15,0.5792486306642535,-0.01003100761304565,0.07918801908214973,0.8550813119329457,False,False
paired_non_minus_full,clipgaze,saliency_center_bias,delta_et_mean_saccade_mag,16,0.07647058823529412,0.778340980960703,-0.01003100761304565,-2.1825431256641146,0.8895010617034554,False,False
paired_non_minus_full,clipgaze,saliency_spread,delta_rt_median,16,0.08529411764705883,0.7534650694747835,-4.396993692750511,2.87464056875812,0.9579242202960289,False,False
paired_non_minus_full,clipgaze,saliency_spread,delta_accuracy,16,-0.16778806675992297,0.534508366787166,-4.396993692750511,-0.08653846153846154,0.9526467211970105,False,False
paired_non_minus_full,clipgaze,saliency_spread,delta_response_rate,16,-0.14322955659483466,0.5966763463537035,-4.396993692750511,-0.08173076923076925,0.9656870340134402,False,False
paired_non_minus_full,clipgaze,saliency_spread,delta_et_n_fixations,16,-0.0694246107322076,0.7983526421359339,-4.396993692750511,-5.90625,0.8643037520968538,False,False
paired_non_minus_full,clipgaze,saliency_spread,delta_et_mean_fix_dur,16,0.2588235294117647,0.3330723066336084,-4.396993692750511,0.07918801908214973,0.6453275941026162,False,False
paired_non_minus_full,clipgaze,saliency_spread,delta_et_mean_saccade_mag,16,-0.06764705882352941,0.8034203137966693,-4.396993692750511,-2.1825431256641146,0.8895010617034554,False,False
paired_non_minus_full,clipgaze,saliency_skewness,delta_rt_median,16,-0.08823529411764705,0.7452220943671326,0.1680279974820758,2.87464056875812,0.9579242202960289,False,False
paired_non_minus_full,clipgaze,saliency_skewness,delta_accuracy,16,-0.33112158307489226,0.21029387829488125,0.1680279974820758,-0.08653846153846154,0.650178697926013,False,False
paired_non_minus_full,clipgaze,saliency_skewness,delta_response_rate,16,0.21407428351270982,0.42595588388097494,0.1680279974820758,-0.08173076923076925,0.9656870340134402,False,False
paired_non_minus_full,clipgaze,saliency_skewness,delta_et_n_fixations,16,-0.21270519032846583,0.428991506046754,0.1680279974820758,-5.90625,0.6649368343724686,False,False
paired_non_minus_full,clipgaze,saliency_skewness,delta_et_mean_fix_dur,16,-0.05294117647058824,0.8456104411493658,0.1680279974820758,0.07918801908214973,0.9739022165316701,False,False
paired_non_minus_full,clipgaze,saliency_skewness,delta_et_mean_saccade_mag,16,-0.33529411764705885,0.20425458084551504,0.1680279974820758,-2.1825431256641146,0.5982975602745494,False,False
paired_non_minus_full,clipgaze,saliency_kurtosis,delta_rt_median,16,-0.12352941176470587,0.6485420669723406,2.433720352444934,2.87464056875812,0.9579242202960289,False,False
paired_non_minus_full,clipgaze,saliency_kurtosis,delta_accuracy,16,-0.31924278188834904,0.2281097474243818,2.433720352444934,-0.08653846153846154,0.650178697926013,False,False
paired_non_minus_full,clipgaze,saliency_kurtosis,delta_response_rate,16,0.2217747973081311,0.40909103166666694,2.433720352444934,-0.08173076923076925,0.9656870340134402,False,False
paired_non_minus_full,clipgaze,saliency_kurtosis,delta_et_n_fixations,16,-0.2466789360059291,0.35703898049033117,2.433720352444934,-5.90625,0.6649368343724686,False,False
paired_non_minus_full,clipgaze,saliency_kurtosis,delta_et_mean_fix_dur,16,-0.044117647058823525,0.8711220048065985,2.433720352444934,0.07918801908214973,0.9739022165316701,False,False
paired_non_minus_full,clipgaze,saliency_kurtosis,delta_et_mean_saccade_mag,16,-0.33529411764705885,0.20425458084551504,2.433720352444934,-2.1825431256641146,0.5982975602745494,False,False
paired_non_minus_full,clipgaze,fixation_duration_mean,delta_rt_median,16,0.15,0.5792486306642535,-0.28821754455565696,2.87464056875812,0.9579242202960289,False,False
paired_non_minus_full,clipgaze,fixation_duration_mean,delta_accuracy,16,-0.0668182566743056,0.8057856927766214,-0.28821754455565696,-0.08653846153846154,0.9564742244086675,False,False
paired_non_minus_full,clipgaze,fixation_duration_mean,delta_response_rate,16,0.016941130349926677,0.950346655257056,-0.28821754455565696,-0.08173076923076925,0.9683916249720633,False,False
paired_non_minus_full,clipgaze,fixation_duration_mean,delta_et_n_fixations,16,-0.341214576151914,0.19587944642869284,-0.28821754455565696,-5.90625,0.5520238944808616,False,False
paired_non_minus_full,clipgaze,fixation_duration_mean,delta_et_mean_fix_dur,16,0.3147058823529411,0.23515831926634437,-0.28821754455565696,0.07918801908214973,0.6064641786424004,False,False
paired_non_minus_full,clipgaze,fixation_duration_mean,delta_et_mean_saccade_mag,16,-0.2823529411764706,0.2893498290632738,-0.28821754455565696,-2.1825431256641146,0.5982975602745494,False,False
paired_non_minus_full,clipgaze,fixation_duration_std,delta_rt_median,16,-0.18529411764705883,0.492057050205944,0.1746199407441016,2.87464056875812,0.9579242202960289,False,False
paired_non_minus_full,clipgaze,fixation_duration_std,delta_accuracy,16,0.1306668130519754,0.6295597586401104,0.1746199407441016,-0.08653846153846154,0.9526467211970105,False,False
paired_non_minus_full,clipgaze,fixation_duration_std,delta_response_rate,16,-0.12936863176307645,0.6329966386885577,0.1746199407441016,-0.08173076923076925,0.9656870340134402,False,False
paired_non_minus_full,clipgaze,fixation_duration_std,delta_et_n_fixations,16,0.1861170415374076,0.4901019686287257,0.1746199407441016,-5.90625,0.6905982285222954,False,False
paired_non_minus_full,clipgaze,fixation_duration_std,delta_et_mean_fix_dur,16,-0.17058823529411765,0.5276097688612683,0.1746199407441016,0.07918801908214973,0.8177951417349659,False,False
paired_non_minus_full,clipgaze,fixation_duration_std,delta_et_mean_saccade_mag,16,0.5235294117647059,0.037412648130149384,0.1746199407441016,-2.1825431256641146,0.2319584184069262,True,False
paired_non_minus_full,clipgaze,scanpath_length,delta_rt_median,16,-0.2441176470588235,0.36221349614195036,0.2053252350273027,2.87464056875812,0.9579242202960289,False,False
paired_non_minus_full,clipgaze,scanpath_length,delta_accuracy,16,0.04306065430121917,0.8741865882117725,0.2053252350273027,-0.08653846153846154,0.9564742244086675,False,False
paired_non_minus_full,clipgaze,scanpath_length,delta_response_rate,16,0.1909727421264462,0.47864197296081135,0.2053252350273027,-0.08173076923076925,0.9656870340134402,False,False
paired_non_minus_full,clipgaze,scanpath_length,delta_et_n_fixations,16,-0.42245614190236963,0.10307374682407341,0.2053252350273027,-5.90625,0.4564694502208965,False,False
paired_non_minus_full,clipgaze,scanpath_length,delta_et_mean_fix_dur,16,0.29411764705882354,0.26884655462289303,0.2053252350273027,0.07918801908214973,0.6064641786424004,False,False
paired_non_minus_full,clipgaze,scanpath_length,delta_et_mean_saccade_mag,16,0.09999999999999999,0.7125163701282782,0.2053252350273027,-2.1825431256641146,0.849538748999101,False,False
paired_non_minus_full,clipgaze,scanpath_complexity,delta_rt_median,16,-0.22058823529411767,0.41166643049796364,0.05445505116362913,2.87464056875812,0.9579242202960289,False,False
paired_non_minus_full,clipgaze,scanpath_complexity,delta_accuracy,16,0.0638485563776698,0.8142739739103096,0.05445505116362913,-0.08653846153846154,0.9564742244086675,False,False
paired_non_minus_full,clipgaze,scanpath_complexity,delta_response_rate,16,0.18943263936736196,0.48226263745815845,0.05445505116362913,-0.08173076923076925,0.9656870340134402,False,False
paired_non_minus_full,clipgaze,scanpath_complexity,delta_et_n_fixations,16,-0.30280947234260763,0.254283718238013,0.05445505116362913,-5.90625,0.6063688665675694,False,False
paired_non_minus_full,clipgaze,scanpath_complexity,delta_et_mean_fix_dur,16,0.2911764705882353,0.27388704841914857,0.05445505116362913,0.07918801908214973,0.6064641786424004,False,False
paired_non_minus_full,clipgaze,scanpath_complexity,delta_et_mean_saccade_mag,16,-0.0411764705882353,0.8796536149318311,0.05445505116362913,-2.1825431256641146,0.9089754020962254,False,False
paired_non_minus_full,clipgaze,mean_saccade_mag,delta_rt_median,16,-0.2352941176470588,0.3803558011886571,-0.15008155580326354,2.87464056875812,0.9579242202960289,False,False
paired_non_minus_full,clipgaze,mean_saccade_mag,delta_accuracy,16,0.04009095400458336,0.88280561089352,-0.15008155580326354,-0.08653846153846154,0.9564742244086675,False,False
paired_non_minus_full,clipgaze,mean_saccade_mag,delta_response_rate,16,0.13398894004032919,0.620797084456014,-0.15008155580326354,-0.08173076923076925,0.9656870340134402,False,False
paired_non_minus_full,clipgaze,mean_saccade_mag,delta_et_n_fixations,16,-0.48301803637089125,0.058061820316404805,-0.15008155580326354,-5.90625,0.4564694502208965,False,False
paired_non_minus_full,clipgaze,mean_saccade_mag,delta_et_mean_fix_dur,16,0.3382352941176471,0.20006555877868962,-0.15008155580326354,0.07918801908214973,0.6064641786424004,False,False
paired_non_minus_full,clipgaze,mean_saccade_mag,delta_et_mean_saccade_mag,16,0.023529411764705882,0.931073583667659,-0.15008155580326354,-2.1825431256641146,0.931073583667659,False,False
paired_non_minus_full,clipgaze,cognitive_load,delta_rt_median,16,-0.1411764705882353,0.6020026838819792,9.861040928406306,2.87464056875812,0.9579242202960289,False,False
paired_non_minus_full,clipgaze,cognitive_load,delta_accuracy,16,0.03860610385626546,0.8871198069468905,9.861040928406306,-0.08653846153846154,0.9564742244086675,False,False
paired_non_minus_full,clipgaze,cognitive_load,delta_response_rate,16,0.17095140625835104,0.526718012563325,9.861040928406306,-0.08173076923076925,0.9656870340134402,False,False
paired_non_minus_full,clipgaze,cognitive_load,delta_et_n_fixations,16,-0.347123053661038,0.18774722505193478,9.861040928406306,-5.90625,0.5520238944808616,False,False
paired_non_minus_full,clipgaze,cognitive_load,delta_et_mean_fix_dur,16,0.31764705882352945,0.2305734636218452,9.861040928406306,0.07918801908214973,0.6064641786424004,False,False
paired_non_minus_full,clipgaze,cognitive_load,delta_et_mean_saccade_mag,16,-0.10294117647058824,0.7044103818167708,9.861040928406306,-2.1825431256641146,0.849538748999101,False,False
paired_non_minus_full,clipgaze,info_processing_idx,delta_rt_median,16,-0.02647058823529412,0.9224805705017287,-8.966011905462495e-06,2.87464056875812,0.9741279946623942,False,False
paired_non_minus_full,clipgaze,info_processing_idx,delta_accuracy,16,-0.2717275771421761,0.30864759029367805,-8.966011905462495e-06,-0.08653846153846154,0.7360057922387708,False,False
paired_non_minus_full,clipgaze,info_processing_idx,delta_response_rate,16,-0.020021335868095166,0.9413321302267985,-8.966011905462495e-06,-0.08173076923076925,0.9683916249720633,False,False
paired_non_minus_full,clipgaze,info_processing_idx,delta_et_n_fixations,16,-0.345645934283757,0.1897591874238762,-8.966011905462495e-06,-5.90625,0.5520238944808616,False,False
paired_non_minus_full,clipgaze,info_processing_idx,delta_et_mean_fix_dur,16,0.3941176470588235,0.13091285429899088,-8.966011905462495e-06,0.07918801908214973,0.5195262340143642,False,False
paired_non_minus_full,clipgaze,info_processing_idx,delta_et_mean_saccade_mag,16,-0.16764705882352943,0.5348568245819436,-8.966011905462495e-06,-2.1825431256641146,0.7002746746347257,False,False
paired_non_minus_full,low_level,digital_ink,delta_rt_median,16,-0.16176470588235295,0.5494831434036931,1.5741250000000022,2.87464056875812,0.9579242202960289,False,False
paired_non_minus_full,low_level,digital_ink,delta_accuracy,16,-0.014848501483179023,0.9564742244086675,1.5741250000000022,-0.08653846153846154,0.9564742244086675,False,False
paired_non_minus_full,low_level,digital_ink,delta_response_rate,16,-0.010780719313589706,0.9683916249720633,1.5741250000000022,-0.08173076923076925,0.9683916249720633,False,False
paired_non_minus_full,low_level,digital_ink,delta_et_n_fixations,16,0.21565942908302788,0.4224551733431785,1.5741250000000022,-5.90625,0.6649368343724686,False,False
paired_non_minus_full,low_level,digital_ink,delta_et_mean_fix_dur,16,-0.0029411764705882353,0.9913748045563624,1.5741250000000022,0.07918801908214973,0.9913748045563624,False,False
paired_non_minus_full,low_level,digital_ink,delta_et_mean_saccade_mag,16,-0.2647058823529412,0.3218043958686153,1.5741250000000022,-2.1825431256641146,0.5982975602745494,False,False
paired_non_minus_full,low_level,mark_density,delta_rt_median,16,0.16176470588235295,0.5494831434036931,-1.5741250000000022,2.87464056875812,0.9579242202960289,False,False
paired_non_minus_full,low_level,mark_density,delta_accuracy,16,0.014848501483179023,0.9564742244086675,-1.5741250000000022,-0.08653846153846154,0.9564742244086675,False,False
paired_non_minus_full,low_level,mark_density,delta_response_rate,16,0.010780719313589706,0.9683916249720633,-1.5741250000000022,-0.08173076923076925,0.9683916249720633,False,False
paired_non_minus_full,low_level,mark_density,delta_et_n_fixations,16,-0.21565942908302788,0.4224551733431785,-1.5741250000000022,-5.90625,0.6649368343724686,False,False
paired_non_minus_full,low_level,mark_density,delta_et_mean_fix_dur,16,0.0029411764705882353,0.9913748045563624,-1.5741250000000022,0.07918801908214973,0.9913748045563624,False,False
paired_non_minus_full,low_level,mark_density,delta_et_mean_saccade_mag,16,0.2647058823529412,0.3218043958686153,-1.5741250000000022,-2.1825431256641146,0.5982975602745494,False,False
paired_non_minus_full,low_level,effectiveness,delta_rt_median,16,-0.12941176470588234,0.6328823324682601,-5.018624999999946e-05,2.87464056875812,0.9579242202960289,False,False
paired_non_minus_full,low_level,effectiveness,delta_accuracy,16,0.30439428040516997,0.25168207661652114,-5.018624999999946e-05,-0.08653846153846154,0.650178697926013,False,False
paired_non_minus_full,low_level,effectiveness,delta_response_rate,16,0.0354223634589376,0.8963799642035055,-5.018624999999946e-05,-0.08173076923076925,0.9683916249720633,False,False
paired_non_minus_full,low_level,effectiveness,delta_et_n_fixations,16,-0.23929333911952408,0.3720723728112521,-5.018624999999946e-05,-5.90625,0.6649368343724686,False,False
paired_non_minus_full,low_level,effectiveness,delta_et_mean_fix_dur,16,-0.0411764705882353,0.8796536149318311,-5.018624999999946e-05,0.07918801908214973,0.9739022165316701,False,False
paired_non_minus_full,low_level,effectiveness,delta_et_mean_saccade_mag,16,0.39999999999999997,0.12475042359840005,-5.018624999999946e-05,-2.1825431256641146,0.5982975602745494,False,False
paired_non_minus_full,sum,saliency_mean,delta_rt_median,16,0.014705882352941175,0.9568919240316421,-0.010217974311585732,2.87464056875812,0.9741279946623942,False,False
paired_non_minus_full,sum,saliency_mean,delta_accuracy,16,-0.4157580415290127,0.10923810491406513,-0.010217974311585732,-0.08653846153846154,0.650178697926013,False,False
paired_non_minus_full,sum,saliency_mean,delta_response_rate,16,0.05236349380886428,0.8472765781955588,-0.010217974311585732,-0.08173076923076925,0.9683916249720633,False,False
paired_non_minus_full,sum,saliency_mean,delta_et_n_fixations,16,-0.46972396197536204,0.06638567945956353,-0.010217974311585732,-5.90625,0.4564694502208965,False,False
paired_non_minus_full,sum,saliency_mean,delta_et_mean_fix_dur,16,0.4147058823529412,0.11022940391770165,-0.010217974311585732,0.07918801908214973,0.5195262340143642,False,False
paired_non_minus_full,sum,saliency_mean,delta_et_mean_saccade_mag,16,-0.8411764705882352,4.44290429431383e-05,-0.010217974311585732,-2.1825431256641146,0.0013773003312372873,True,True
paired_non_minus_full,sum,saliency_std,delta_rt_median,16,0.07941176470588236,0.7700253190398251,-0.011581886651099427,2.87464056875812,0.9579242202960289,False,False
paired_non_minus_full,sum,saliency_std,delta_accuracy,16,-0.3236973323333027,0.22132055596052239,-0.011581886651099427,-0.08653846153846154,0.650178697926013,False,False
paired_non_minus_full,sum,saliency_std,delta_response_rate,16,0.10164678209956009,0.7079741635850924,-0.011581886651099427,-0.08173076923076925,0.9656870340134402,False,False
paired_non_minus_full,sum,saliency_std,delta_et_n_fixations,16,-0.6056189446852153,0.012910024064800796,-0.011581886651099427,-5.90625,0.2737816632659274,True,False
paired_non_minus_full,sum,saliency_std,delta_et_mean_fix_dur,16,0.45,0.08029573654339643,-0.011581886651099427,0.07918801908214973,0.5195262340143642,False,False
paired_non_minus_full,sum,saliency_std,delta_et_mean_saccade_mag,16,-0.6588235294117648,0.005511422336343683,-0.011581886651099427,-2.1825431256641146,0.04271352310666354,True,True
paired_non_minus_full,sum,saliency_entropy,delta_rt_median,16,-0.22647058823529412,0.39898292664128926,-0.05169330126438376,2.87464056875812,0.9579242202960289,False,False
paired_non_minus_full,sum,saliency_entropy,delta_accuracy,16,0.14403046438683653,0.5946037263779012,-0.05169330126438376,-0.08653846153846154,0.9526467211970105,False,False
paired_non_minus_full,sum,saliency_entropy,delta_response_rate,16,-0.1062670903768128,0.6952798785953141,-0.05169330126438376,-0.08173076923076925,0.9656870340134402,False,False
paired_non_minus_full,sum,saliency_entropy,delta_et_n_fixations,16,0.42245614190236963,0.10307374682407341,-0.05169330126438376,-5.90625,0.4564694502208965,False,False
paired_non_minus_full,sum,saliency_entropy,delta_et_mean_fix_dur,16,-0.09117647058823529,0.7370049501736591,-0.05169330126438376,0.07918801908214973,0.9739022165316701,False,False
paired_non_minus_full,sum,saliency_entropy,delta_et_mean_saccade_mag,16,0.05294117647058824,0.8456104411493658,-0.05169330126438376,-2.1825431256641146,0.9039284026079428,False,False
paired_non_minus_full,sum,saliency_center_bias,delta_rt_median,16,-0.03529411764705882,0.8967532476935333,-0.014853296445666863,2.87464056875812,0.9741279946623942,False,False
paired_non_minus_full,sum,saliency_center_bias,delta_accuracy,16,0.12472741245870378,0.6453413272624909,-0.014853296445666863,-0.08653846153846154,0.9526467211970105,False,False
paired_non_minus_full,sum,saliency_center_bias,delta_response_rate,16,-0.19559305040369893,0.4678596715999156,-0.014853296445666863,-0.08173076923076925,0.9656870340134402,False,False
paired_non_minus_full,sum,saliency_center_bias,delta_et_n_fixations,16,0.15805177336906837,0.558804353938683,-0.014853296445666863,-5.90625,0.7217889571707988,False,False
paired_non_minus_full,sum,saliency_center_bias,delta_et_mean_fix_dur,16,-0.17058823529411765,0.5276097688612683,-0.014853296445666863,0.07918801908214973,0.8177951417349659,False,False
paired_non_minus_full,sum,saliency_center_bias,delta_et_mean_saccade_mag,16,0.27941176470588236,0.2946176535684143,-0.014853296445666863,-2.1825431256641146,0.5982975602745494,False,False
paired_non_minus_full,sum,saliency_spread,delta_rt_median,16,-0.6235294117647059,0.009855650390922004,-0.4870946649044794,2.87464056875812,0.3055251621185821,True,False
paired_non_minus_full,sum,saliency_spread,delta_accuracy,16,0.3162730815917132,0.23270821433244054,-0.4870946649044794,-0.08653846153846154,0.650178697926013,False,False
paired_non_minus_full,sum,saliency_spread,delta_response_rate,16,0.40812723115732463,0.11657077935788976,-0.4870946649044794,-0.08173076923076925,0.9656870340134402,False,False
paired_non_minus_full,sum,saliency_spread,delta_et_n_fixations,16,-0.06499325260036456,0.8109997469577847,-0.4870946649044794,-5.90625,0.8643037520968538,False,False
paired_non_minus_full,sum,saliency_spread,delta_et_mean_fix_dur,16,-0.3029411764705882,0.25406688060961136,-0.4870946649044794,0.07918801908214973,0.6064641786424004,False,False
paired_non_minus_full,sum,saliency_spread,delta_et_mean_saccade_mag,16,0.3058823529411765,0.24925429892891854,-0.4870946649044794,-2.1825431256641146,0.5982975602745494,False,False
paired_non_minus_full,sum,saliency_skewness,delta_rt_median,16,-0.09999999999999999,0.7125163701282782,0.8093383374045686,2.87464056875812,0.9579242202960289,False,False
paired_non_minus_full,sum,saliency_skewness,delta_accuracy,16,0.35190948515134285,0.1813239455146273,0.8093383374045686,-0.08653846153846154,0.650178697926013,False,False
paired_non_minus_full,sum,saliency_skewness,delta_response_rate,16,-0.09856657658139159,0.7164774768486815,0.8093383374045686,-0.08173076923076925,0.9656870340134402,False,False
paired_non_minus_full,sum,saliency_skewness,delta_et_n_fixations,16,0.344168814906476,0.19178519783118209,0.8093383374045686,-5.90625,0.5520238944808616,False,False
paired_non_minus_full,sum,saliency_skewness,delta_et_mean_fix_dur,16,-0.17941176470588235,0.5061395399904387,0.8093383374045686,0.07918801908214973,0.8177951417349659,False,False
paired_non_minus_full,sum,saliency_skewness,delta_et_mean_saccade_mag,16,0.8117647058823528,0.00013432237477471035,0.8093383374045686,-2.1825431256641146,0.0020819968090080103,True,True
paired_non_minus_full,sum,saliency_kurtosis,delta_rt_median,16,-0.17058823529411765,0.5276097688612683,8.903152880801935,2.87464056875812,0.9579242202960289,False,False
paired_non_minus_full,sum,saliency_kurtosis,delta_accuracy,16,0.3133033812950774,0.23736463211606645,8.903152880801935,-0.08653846153846154,0.650178697926013,False,False
paired_non_minus_full,sum,saliency_kurtosis,delta_response_rate,16,-0.0708447269178752,0.7943093997823882,8.903152880801935,-0.08173076923076925,0.9683916249720633,False,False
paired_non_minus_full,sum,saliency_kurtosis,delta_et_n_fixations,16,0.4519985294479899,0.07879809344496638,8.903152880801935,-5.90625,0.4564694502208965,False,False
paired_non_minus_full,sum,saliency_kurtosis,delta_et_mean_fix_dur,16,-0.2676470588235294,0.31625441854830927,8.903152880801935,0.07918801908214973,0.6453275941026162,False,False
paired_non_minus_full,sum,saliency_kurtosis,delta_et_mean_saccade_mag,16,0.7588235294117647,0.0006540302361647908,8.903152880801935,-2.1825431256641146,0.006758312440369505,True,True
paired_non_minus_full,visalformer,saliency_mean,delta_rt_median,16,0.09117647058823529,0.7370049501736591,0.052027754657308675,2.87464056875812,0.9579242202960289,False,False
paired_non_minus_full,visalformer,saliency_mean,delta_accuracy,16,-0.22421237239600322,0.40382715831575317,0.052027754657308675,-0.08653846153846154,0.8345761271858899,False,False
paired_non_minus_full,visalformer,saliency_mean,delta_response_rate,16,-0.3188012711304384,0.22878974497421714,0.052027754657308675,-0.08173076923076925,0.9656870340134402,False,False
paired_non_minus_full,visalformer,saliency_mean,delta_et_n_fixations,16,-0.3249662630018228,0.21941037256878282,0.052027754657308675,-5.90625,0.5668101291360222,False,False
paired_non_minus_full,visalformer,saliency_mean,delta_et_mean_fix_dur,16,0.55,0.027293972709730583,0.052027754657308675,0.07918801908214973,0.42305657700082405,True,False
paired_non_minus_full,visalformer,saliency_mean,delta_et_mean_saccade_mag,16,-0.22941176470588234,0.39272049088162,0.052027754657308675,-2.1825431256641146,0.5982975602745494,False,False
paired_non_minus_full,visalformer,saliency_std,delta_rt_median,16,0.0411764705882353,0.8796536149318311,0.01862437769151145,2.87464056875812,0.9741279946623942,False,False
paired_non_minus_full,visalformer,saliency_std,delta_accuracy,16,-0.23906087387918226,0.37255112978795246,0.01862437769151145,-0.08653846153846154,0.8249346445304662,False,False
paired_non_minus_full,visalformer,saliency_std,delta_response_rate,16,-0.24025603041714202,0.3700933404889977,0.01862437769151145,-0.08173076923076925,0.9656870340134402,False,False
paired_non_minus_full,visalformer,saliency_std,delta_et_n_fixations,16,0.115215311427919,0.6709117050763302,0.01862437769151145,-5.90625,0.7999331868217783,False,False
paired_non_minus_full,visalformer,saliency_std,delta_et_mean_fix_dur,16,0.19411764705882353,0.47128972836210753,0.01862437769151145,0.07918801908214973,0.8177951417349659,False,False
paired_non_minus_full,visalformer,saliency_std,delta_et_mean_saccade_mag,16,-0.1647058823529412,0.542148135201078,0.01862437769151145,-2.1825431256641146,0.7002746746347257,False,False
paired_non_minus_full,visalformer,saliency_entropy,delta_rt_median,16,0.22352941176470587,0.40529834728275926,0.10330853415060326,2.87464056875812,0.9579242202960289,False,False
paired_non_minus_full,visalformer,saliency_entropy,delta_accuracy,16,-0.14700016468347232,0.5869442767625064,0.10330853415060326,-0.08653846153846154,0.9526467211970105,False,False
paired_non_minus_full,visalformer,saliency_entropy,delta_response_rate,16,-0.28183880491241653,0.29026658834897323,0.10330853415060326,-0.08173076923076925,0.9656870340134402,False,False
paired_non_minus_full,visalformer,saliency_entropy,delta_et_n_fixations,16,-0.583462154026,0.0176633331139308,0.10330853415060326,-5.90625,0.2737816632659274,True,False
paired_non_minus_full,visalformer,saliency_entropy,delta_et_mean_fix_dur,16,0.7176470588235294,0.0017475350604702388,0.10330853415060326,0.07918801908214973,0.0541735868745774,True,False
paired_non_minus_full,visalformer,saliency_entropy,delta_et_mean_saccade_mag,16,-0.36764705882352944,0.1612323576755898,0.10330853415060326,-2.1825431256641146,0.5982975602745494,False,False
paired_non_minus_full,visalformer,saliency_center_bias,delta_rt_median,16,-0.008823529411764706,0.9741279946623942,0.011984596009001147,2.87464056875812,0.9741279946623942,False,False
paired_non_minus_full,visalformer,saliency_center_bias,delta_accuracy,16,0.09057585904739203,0.7386808187479806,0.011984596009001147,-0.08653846153846154,0.9564742244086675,False,False
paired_non_minus_full,visalformer,saliency_center_bias,delta_response_rate,16,0.5482765822339908,0.02788071886741731,0.011984596009001147,-0.08173076923076925,0.8643022848899367,True,False
paired_non_minus_full,visalformer,saliency_center_bias,delta_et_n_fixations,16,0.13737210208713418,0.6119222760872717,0.011984596009001147,-5.90625,0.758783622348217,False,False
paired_non_minus_full,visalformer,saliency_center_bias,delta_et_mean_fix_dur,16,-0.3911764705882353,0.13407128619725525,0.011984596009001147,0.07918801908214973,0.5195262340143642,False,False
paired_non_minus_full,visalformer,saliency_center_bias,delta_et_mean_saccade_mag,16,-0.25588235294117645,0.3387899080712459,0.011984596009001147,-2.1825431256641146,0.5982975602745494,False,False
paired_non_minus_full,visalformer,saliency_spread,delta_rt_median,16,0.0823529411764706,0.7617330787524739,20.505593337763734,2.87464056875812,0.9579242202960289,False,False
paired_non_minus_full,visalformer,saliency_spread,delta_accuracy,16,0.03415155341131175,0.9000797828425241,20.505593337763734,-0.08653846153846154,0.9564742244086675,False,False
paired_non_minus_full,visalformer,saliency_spread,delta_response_rate,16,0.33882260699853356,0.19923579096170393,20.505593337763734,-0.08173076923076925,0.9656870340134402,False,False
paired_non_minus_full,visalformer,saliency_spread,delta_et_n_fixations,16,-0.17577720589644052,0.5149337278946966,20.505593337763734,-5.90625,0.6940411115102433,False,False
paired_non_minus_full,visalformer,saliency_spread,delta_et_mean_fix_dur,16,-0.07058823529411765,0.7950393023376281,20.505593337763734,0.07918801908214973,0.9739022165316701,False,False
paired_non_minus_full,visalformer,saliency_spread,delta_et_mean_saccade_mag,16,-0.2411764705882353,0.3682066080426343,20.505593337763734,-2.1825431256641146,0.5982975602745494,False,False
paired_non_minus_full,visalformer,saliency_skewness,delta_rt_median,16,-0.21764705882352942,0.41808684161130316,-0.0840715313948742,2.87464056875812,0.9579242202960289,False,False
paired_non_minus_full,visalformer,saliency_skewness,delta_accuracy,16,0.3281518827782564,0.21466132635742755,-0.0840715313948742,-0.08653846153846154,0.650178697926013,False,False
paired_non_minus_full,visalformer,saliency_skewness,delta_response_rate,16,0.43430897806175667,0.09277405284285768,-0.0840715313948742,-0.08173076923076925,0.9656870340134402,False,False
paired_non_minus_full,visalformer,saliency_skewness,delta_et_n_fixations,16,0.07237884948676962,0.7899470795249365,-0.0840715313948742,-5.90625,0.8643037520968538,False,False
paired_non_minus_full,visalformer,saliency_skewness,delta_et_mean_fix_dur,16,-0.4735294117647058,0.06391907182682004,-0.0840715313948742,0.07918801908214973,0.5195262340143642,False,False
paired_non_minus_full,visalformer,saliency_skewness,delta_et_mean_saccade_mag,16,0.17941176470588235,0.5061395399904387,-0.0840715313948742,-2.1825431256641146,0.7002746746347257,False,False
paired_non_minus_full,visalformer,saliency_kurtosis,delta_rt_median,16,-0.17941176470588235,0.5061395399904387,-0.7425355686897264,2.87464056875812,0.9579242202960289,False,False
paired_non_minus_full,visalformer,saliency_kurtosis,delta_accuracy,16,0.3593337358929324,0.17165028494745224,-0.7425355686897264,-0.08653846153846154,0.650178697926013,False,False
paired_non_minus_full,visalformer,saliency_kurtosis,delta_response_rate,16,0.3280418876849439,0.21482419863286017,-0.7425355686897264,-0.08173076923076925,0.9656870340134402,False,False
paired_non_minus_full,visalformer,saliency_kurtosis,delta_et_n_fixations,16,0.056130536336678485,0.8364229859001812,-0.7425355686897264,-5.90625,0.8643037520968538,False,False
paired_non_minus_full,visalformer,saliency_kurtosis,delta_et_mean_fix_dur,16,-0.3941176470588235,0.13091285429899088,-0.7425355686897264,0.07918801908214973,0.5195262340143642,False,False
paired_non_minus_full,visalformer,saliency_kurtosis,delta_et_mean_saccade_mag,16,0.22352941176470587,0.40529834728275926,-0.7425355686897264,-2.1825431256641146,0.5982975602745494,False,False
