graph_image,number_of_nodes,question_level,adaptation,question,clipgaze__saliency_mean,clipgaze__saliency_std,clipgaze__saliency_entropy,clipgaze__saliency_center_bias,clipgaze__saliency_spread,clipgaze__saliency_skewness,clipgaze__saliency_kurtosis,clipgaze__fixation_count,clipgaze__fixation_duration_mean,clipgaze__fixation_duration_std,clipgaze__scanpath_length,clipgaze__scanpath_complexity,clipgaze__mean_saccade_mag,clipgaze__cognitive_load,clipgaze__info_processing_idx,low_level__digital_ink,low_level__mark_density,low_level__data_utility,low_level__effectiveness,sum__saliency_mean,sum__saliency_std,sum__saliency_entropy,sum__saliency_center_bias,sum__saliency_spread,sum__saliency_skewness,sum__saliency_kurtosis,visalformer__saliency_mean,visalformer__saliency_std,visalformer__saliency_entropy,visalformer__saliency_center_bias,visalformer__saliency_spread,visalformer__saliency_skewness,visalformer__saliency_kurtosis,n_trials,n_participants,response_rate,accuracy,rt_mean,rt_median,et_n_fixations,et_mean_fix_dur,et_sum_fix_dur,et_mean_saccade_mag,n_et_trials
samples/6 node/6_nodes_s00002/no_caption/non_adapted.png,6,1,non_adapted,How many CYBER OBSERVABLE nodes are in the graph?,0.0283872445891445,0.1113516650426072,18.146536880557647,0.2295399005381601,250.0141723234575,5.150529064660734,28.99091885209176,3.0,204.0603535970052,29.585468038913856,133.93721131683998,1.0070660120366135,66.96860565841999,205.5022465117173,0.0005653939375688,761.5736,3.426399999999944,13.0,0.01706992,0.0355745264327453,0.0801501991716743,14.426293708653745,0.3299148608647574,66.40361087023165,5.9875575899790565,46.50792837533434,0.2454900807286433,0.2031510285864973,21.270828995228037,0.5203304493147881,693.3421232600077,1.2062074636556992,0.972104492984318,13,13,1.0,1.0,6.796932092312195,6.689581099999714,36.0,0.3653971794871795,13.86275,535.7549875675675,11
samples/6 node/6_nodes_s00005/no_caption/non_adapted.png,6,1,non_adapted,How many nodes have TLP:GREEN?,0.035645625718653,0.1314423657534976,18.304098855059,0.2627236765720643,282.25824149055376,4.725449540907541,23.596406552270988,3.0,202.34512837727863,31.63902562269334,159.7252074717063,1.0119535410161498,79.86260373585316,204.76386916875452,0.0008123455221558,761.6394,3.3605999999999767,13.0,0.01706844,0.0367908832152201,0.0778109544414917,14.519853762123294,0.3820910219546429,71.35848293295506,5.951940263947475,47.33992161388688,0.4275314023751761,0.2265335763229533,21.51871391638629,0.4611953827664639,662.706990402161,0.325639189642274,-0.8944318739777231,13,13,1.0,1.0,7.483115776928082,6.643763000029139,35.0,0.3678382051282051,12.872420000000002,551.0846315789473,11
samples/6 node/6_nodes_s00008/no_caption/non_adapted.png,6,1,non_adapted,Count the number of nodes with high connection counts (node size 7-10),0.036484289106606,0.1194694036741426,18.567965631395086,0.2583470867488744,263.91652424424234,4.149270740828315,18.822647543662598,5.0,191.20626831054688,25.98531887624649,183.6844500433384,1.3804049598493509,45.9211125108346,263.94208113016464,0.0004619679434254,761.646,3.354000000000042,13.0,0.0170683,0.0469244153044371,0.0893730106166915,14.642712214977127,0.3412004237821632,72.65080354389573,4.852354540784515,31.84554834367121,0.2020624529636716,0.2232578450616674,21.00860474584609,0.392973233982164,560.9195735076108,1.676981683456498,2.1179099731187723,13,13,1.0,0.9230769230769231,7.382996246158511,6.603018699999723,38.0,0.3460151648351648,13.93582,523.2040884075798,12
samples/6 node/6_nodes_s00014/no_caption/non_adapted.png,6,1,non_adapted,How many low confidence (confidence 1-3) edges exist in the graph?,0.0321023344546169,0.1244976533567388,18.118535554872462,0.2015340749401152,213.15127518417884,4.78313778649767,24.054040602121404,5.0,182.38990478515623,30.890500285154825,124.89048995638176,1.0601032287411591,31.222622489095443,193.35212695253676,0.0002334102832334,762.1584,2.8415999999999713,13.0,0.01705682,0.0630756684811169,0.1173084799672772,14.445812845193492,0.3457270344081606,62.94651830869642,3.0473240824820444,11.131817574139278,0.2480963429237827,0.2620179383380039,21.02036368565113,0.5778394863662719,658.6989871329166,1.3107561127277805,0.6125914542345079,13,13,1.0,1.0,6.314414192304307,5.8220101000038085,40.5,0.3317067045454545,12.93261,397.0508081450578,10
samples/6 node/6_nodes_s00017/no_caption/non_adapted.png,6,2,non_adapted,Count the number of MALWARE nodes connected with at least 1 high confidence edge ( confidence 7-10).,0.0278733684209485,0.1129140934807695,18.010503484286083,0.2003712923292006,208.8720384345353,5.052155784403891,27.23633134506154,5.0,193.3013488769531,27.75108849083984,121.21671828306118,1.024033701403021,30.304179570765296,197.947095776663,0.0002054878828933,761.7812,3.2187999999999874,13.0,0.01706527,0.0624863063814223,0.1239620805637127,14.444276782653318,0.3340712812976708,69.64962061841263,3.636179312668365,15.322059957016409,0.2416583851997756,0.1459395617902577,21.498779831210943,0.5527290004550859,777.0126726494403,1.7484775557391052,5.121713542759634,13,13,1.0,1.0,10.675471461545753,10.115280700003268,34.5,0.37762610974610966,14.064945000000002,428.9601404924242,12
samples/6 node/6_nodes_s00020/no_caption/non_adapted.png,6,2,non_adapted,Count the number of nodes with TLP:RED connected to at least 1 node with high connection count (node size 7-10).,0.0452806826814699,0.143991510209561,18.61094678285963,0.2517414632224583,252.929018430606,3.799321109716658,14.622433013935726,6.0,190.7047856648763,23.429584908073675,267.4885994562524,3.5779405550936487,53.49771989125048,682.3303866808028,0.00050798813329,761.8606,3.1394000000000233,13.0,0.01706349,0.0462177336714851,0.0894088927392186,14.56949470250206,0.3579119373163828,67.3642028998152,4.6805088232600935,29.55945836319342,0.3533771357621213,0.2726584999370996,21.286216210167023,0.4996523891118021,632.9946305667634,0.6263676821326292,-0.7742632830812863,13,13,0.7692307692307693,0.23076923076923078,12.820591489999515,12.2596955500087,35.0,0.4210806451612902,14.651369999999998,387.4017678947369,11
samples/6 node/6_nodes_s00023/no_caption/non_adapted.png,6,2,non_adapted,Count the number of MALWARE nodes with high connection counts (node size 7-10),0.0268979804398056,0.1053625461695799,18.118815008312147,0.2349963532238489,225.29701984834728,5.097294811657792,29.104853491961507,6.0,205.483876546224,24.489523827535844,139.89142690821103,1.234027606097797,27.978285381642205,253.57277626603204,0.0002181140378243,761.8122,3.1878000000000384,13.0,0.01706457,0.0505314331935841,0.1017679786189943,14.434440511452271,0.35286827443829,64.75900770724725,4.070501944083566,21.271217288146097,0.2196165244956322,0.2068464684948179,21.1446219140902,0.4511112894317491,609.4805848475231,1.2512436244423686,1.0273189094800248,13,13,0.8461538461538461,0.7692307692307693,10.833888745448636,10.23614760000008,33.5,0.44496077205882345,15.09145,485.18412679450756,12
samples/6 node/6_nodes_s00026/no_caption/non_adapted.png,6,2,non_adapted,Count the number of ATTACK PATTERN nodes connected with at least 1 low confidence edge? (confidence of 1-3).,0.0202652389204163,0.087998596321526,17.940451895305564,0.1522775861901716,213.376722443015,6.323324932386521,47.30003857118521,5.0,174.97481384277344,32.1360343531286,144.9605378092905,1.267798739915057,36.24013445232263,221.83284850673985,0.0002899177393663,762.2653,2.7346999999999753,13.0,0.01705443,0.0609251297383944,0.1091834714710894,14.525623655836084,0.3328319137443782,68.80812721254671,3.2391319960740037,14.124574809125011,0.3506854121614528,0.2141801642821819,21.468452568942197,0.530819546871032,726.3666406816521,1.0170955636448404,0.7886548953337198,13,13,0.9230769230769231,0.8461538461538461,10.086327375009878,9.711185349995501,36.0,0.3596637994186046,14.193110000000003,375.2284941372843,12
samples/6 node/6_nodes_s00065/no_caption/fully_adapted.png,6,1,fully_adapted,How many CYBER OBSERVABLE nodes are in the graph?,0.0256057878969433,0.1027498797963272,18.120677427080448,0.2424077421973706,260.58146050575573,5.440759230198853,33.057962601812136,3.0,205.98917643229169,28.23493475729814,138.94431597840182,1.0025386529572484,69.47215798920091,206.51211146420263,0.0006066681319997,760.2033,4.796699999999987,13.0,0.01710069,0.0547266136353342,0.1051384335043228,14.427264840474267,0.3881568914083099,66.80634814376539,3.651309548577309,17.88595415842271,0.2828039001649258,0.2220768675911727,21.277628874330272,0.5100688257479686,658.4045866071652,0.7221500811342064,-0.5107775948510973,13,13,1.0,1.0,5.014160723067037,4.774466699978802,40.0,0.308496,12.841779999999998,444.3524495,11
samples/6 node/6_nodes_s00068/no_caption/fully_adapted.png,6,1,fully_adapted,How many nodes have TLP:GREEN?,0.0378996645763441,0.1370192250355058,18.340692818274285,0.2604803890370812,281.7305260301748,4.567101769311684,21.798779598991093,3.0,203.15484619140625,31.41099145080312,158.77133290554147,1.0103190177937194,79.38566645277074,205.25120466413568,0.0008228389184826,759.8104,5.189600000000041,13.0,0.01710953,0.0602074773973802,0.1066557562538652,14.59103575281473,0.3399962521876919,62.90782033567331,3.558155444978348,17.430572317529627,0.1890116798526325,0.119221152857115,21.44137673656316,0.4916117810177236,692.1830072490764,1.212833297749287,4.647650312484068,13,13,1.0,0.9230769230769231,6.840482776923183,5.525396600016393,41.0,0.33241576068376066,13.665840000000001,448.4172140603086,12
samples/6 node/6_nodes_s00071/no_caption/fully_adapted.png,6,1,fully_adapted,Count the number of nodes with high connection counts (node size 7-10),0.0367185349717929,0.1209862523225331,18.55065787048713,0.2623746975452865,265.6192691389488,4.150875859819408,18.65797542468968,5.0,190.91090698242184,25.96330102732225,177.79354470340206,1.3038110947511796,44.44838617585052,248.91175863269208,0.0004494323570325,761.486,3.51400000000001,13.0,0.01707188,0.0634370099436083,0.1115193468817916,14.60752075214868,0.3375720100629139,67.78709024378969,3.3481816791530696,14.19086367246523,0.2587498142257576,0.2572554515890651,21.03667290389951,0.4597722403875796,579.2320504893866,0.9769771072118536,-0.1461822697745667,13,13,1.0,0.8461538461538461,6.710586576910968,5.748065799998585,41.0,0.323137380952381,13.393549999999998,433.7946534782609,11
samples/6 node/6_nodes_s00074/no_caption/fully_adapted.png,6,1,fully_adapted,How many low confidence (confidence 1-3) edges exist in the graph?,0.0355154668183865,0.1290107902572449,18.271591604664227,0.2312089543923787,242.13170982986267,4.38141923338948,19.82645641181832,5.0,183.22617797851564,31.432450322989645,138.3711793686616,1.0619543560541458,34.5927948421654,194.57783784743688,0.0003064359973373,758.5779,6.4221,13.0,0.01713733,0.061282409225031,0.1150239625389801,14.54320225052718,0.3926914779557671,73.85961393675436,3.743532541134957,16.867318374537508,0.3067392956909271,0.2144494310586257,21.35528045571338,0.4817957633913871,670.1401029504567,0.545427720366457,-0.2733704547841724,13,13,1.0,1.0,3.4524674769319117,3.5211013000226785,41.0,0.31519978678678684,13.078095,478.80187852777783,12
samples/6 node/6_nodes_s00077/no_caption/fully_adapted.png,6,2,fully_adapted,Count the number of MALWARE nodes connected with at least 1 high confidence edge ( confidence 7-10).,0.0287967741173405,0.1155557178472313,18.027466575372163,0.1987975348668656,212.87208851019648,4.944620580262794,25.76652611306251,5.0,191.1621032714844,28.32452691685412,120.58732003329446,1.018797246762983,30.14683000832361,194.75542449840933,0.0002182936409768,761.4417,3.558300000000031,13.0,0.01707288,0.072541325927782,0.1215350411725189,14.60930641915826,0.4297467146674145,72.50383907450204,2.6603426820944303,8.650424731365526,0.2828988811145802,0.2069386911038458,21.328638346288,0.4512391056562895,647.9022384705571,0.7014647880490383,-0.0308590460856788,13,13,0.9230769230769231,0.7692307692307693,8.433853224992164,7.695330749980684,44.5,0.31009062717770036,14.138285,376.8460744444444,12
samples/6 node/6_nodes_s00080/no_caption/fully_adapted.png,6,2,fully_adapted,Count the number of nodes with TLP:RED connected to at least 1 node with high connection count (node size 7-10).,0.0444575229005164,0.1403306838719337,18.63703960256645,0.2548260931174292,255.83055989141783,3.8163393326433113,14.941804361447245,6.0,191.52999623616537,22.72099278041999,275.73652987016635,3.7928813087716087,55.14730597403327,726.4505427932482,0.0005328868876437,759.5053,5.494699999999966,13.0,0.01711641,0.061199455379609,0.1172400453591476,14.485472952998435,0.32009966298137,65.80691781850602,3.5603575572181927,15.024910753548111,0.156671770075709,0.1872440385207552,20.95073811375446,0.5789097556135061,700.5172672592045,2.020956861203884,3.889941202460186,13,13,0.9230769230769231,0.23076923076923078,8.955798008321002,9.43056944997079,41.0,0.2984481818181818,13.31446,422.3450056410256,11
samples/6 node/6_nodes_s00083/no_caption/fully_adapted.png,6,2,fully_adapted,Count the number of MALWARE nodes with high connection counts (node size 7-10),0.0260871016346839,0.1024143901291155,18.12064836530245,0.2364724197676559,227.1756551431241,5.179581321301849,30.46484922389065,6.0,205.25655873616537,24.51727411359547,138.91100346106975,1.1976434571336478,27.78220069221395,245.82417460413677,0.0002202837063656,759.8467,5.153299999999945,13.0,0.01710871,0.0694906088818286,0.1197750641358741,14.57302501276539,0.3569710949743982,69.20604398846596,2.836510705903925,10.008022751424036,0.1661987695777284,0.1749801522583412,21.032481516172563,0.5123943161919674,680.6120309723409,1.562532789509622,2.3451531240939527,13,13,0.9230769230769231,0.6923076923076923,6.438938891658779,6.058575800001563,40.0,0.302988530058651,12.827765,421.49032155789473,10
samples/6 node/6_nodes_s00086/no_caption/fully_adapted.png,6,2,fully_adapted,Count the number of ATTACK PATTERN nodes connected with at least 1 low confidence edge? (confidence of 1-3).,0.0288620780063429,0.1150857958267842,18.05647219391457,0.1996354331394493,211.31617670598465,4.994708722052871,26.66376919760817,5.0,174.64933166503906,32.6320459151952,122.41538291494646,1.0104764926289242,30.603845728736616,176.47904410087438,0.0002256324859649,760.0199,4.980099999999993,13.0,0.01710482,0.058426586213393,0.1073413069657375,14.595044947955556,0.369294452391481,63.46566412738411,3.7886266095308616,18.8460610444772,0.3789268277437105,0.2378332532520043,21.407514102269698,0.4929111712235923,670.8415491459069,0.2454679403905755,-0.7356461057659782,13,13,0.9230769230769231,0.9230769230769231,7.955336191650683,7.813012449987696,43.0,0.2890135555555556,12.92221,425.6855923913044,11
samples/6 node/6_nodes_s00125/no_caption/nodes_shape_tlp.png,6,1,semi_adapted,How many CYBER OBSERVABLE nodes are in the graph?,0.0274605705560712,0.1085479667369767,18.13405272129241,0.2308539428250278,250.8228584016232,5.23495827474845,30.14929651578817,3.0,203.8338165283203,28.954764013824736,134.2209877021455,1.0068174331323634,67.11049385107275,205.22343994261652,0.0005629678819369,762.604,2.395999999999958,13.0,0.01704686,0.0761484020838599,0.1438350911622386,14.3172895231768,0.3694010447127127,64.83380796163186,2.649446812281357,7.318509224186037,0.4294254968286886,0.2100662079364348,21.539076100508723,0.4846413053417085,702.0927988298388,0.0298946004719374,-0.6824304293740413,13,13,1.0,1.0,5.510951599995783,4.627418299991405,40.5,0.3448645681063123,12.64278,392.3919264532019,10
samples/6 node/6_nodes_s00128/no_caption/nodes_color_type.png,6,1,semi_adapted,How many nodes have TLP:GREEN?,0.038341451715633,0.1334418994110985,18.40774690528166,0.2506286688717045,277.9860858915744,4.288785978333693,19.048499271688257,3.0,200.68493143717447,33.990810184666294,158.3226392928508,1.0062418142671707,79.1613196464254,201.9375695054252,0.0008127845287923,761.5101,3.489900000000034,13.0,0.01707134,0.0649161327383942,0.1205596983637768,14.450013778595912,0.362882887506047,73.06543839592364,3.165052706958324,12.11721102318561,0.4527930336862839,0.2281010236085499,21.542763316242613,0.5354162549782092,742.4594820526114,0.4153511427972061,-0.6255845247444252,13,13,1.0,0.9230769230769231,5.145202899988751,5.225966600002664,33.5,0.38961828571428564,13.506274999999999,457.71018615007006,12
samples/6 node/6_nodes_s00131/no_caption/nodes_size_value.png,6,1,semi_adapted,Count the number of nodes with high connection counts (node size 7-10),0.0352138602120331,0.1180582420973682,18.506409501826457,0.251485049498071,255.52631218095095,4.23835403720438,19.58143243616494,5.0,189.46365356445312,26.46117025781017,173.16485476180446,1.3306567104934086,43.29121369045112,252.111082010138,0.0004188409332372,761.8457,3.1543000000000347,13.0,0.01706382,0.0434722834272209,0.0909807106412655,14.40043491454816,0.3511799444496071,63.70442531294124,4.681883487803642,29.164083038198555,0.4629750673917397,0.2659786073578716,21.45739230558196,0.4817488228899332,658.3375327302891,-0.0357952687410547,-1.222983832564941,13,13,1.0,0.8461538461538461,6.357488361533031,6.261164900031872,39.5,0.34776821407274894,13.383225,446.2976108918919,12
samples/6 node/6_nodes_s00134/no_caption/edge_width_connection_number.png,6,1,semi_adapted,How many low confidence (confidence 1-3) edges exist in the graph?,0.0374194736200411,0.1406211995408348,18.17862444558196,0.1986699939971208,218.6670903621648,4.478888510645596,20.28465354631004,5.0,181.7584381103516,31.662179304976014,130.46597891497913,1.0895395062066962,32.61649472874478,198.0329989076528,0.0002585095015736,761.1416,3.8583999999999605,13.0,0.01707961,0.0550017257834804,0.1033938618879071,14.527249947612615,0.3658544403564018,68.05255551207995,3.798085477581001,19.13979941502534,0.2855095202298337,0.2069364366209191,21.318548468179102,0.4788938692483926,641.5465410563158,0.3936748512800481,-0.9003139165730598,13,13,1.0,1.0,3.625312776911257,3.64213250001194,34.0,0.3305887967914438,13.329365,397.2653747898338,9
samples/6 node/6_nodes_s00137/no_caption/nodes_shape_tlp.png,6,2,semi_adapted,Count the number of MALWARE nodes connected with at least 1 high confidence edge ( confidence 7-10).,0.0275254424985451,0.1121670343368352,17.992847829863027,0.1974968997249504,207.92397730241697,5.068495170226091,27.356482921473965,5.0,192.7473114013672,27.966044588241367,119.20606386508672,1.0165457272762433,29.80151596627168,195.9364558490433,0.0002033136707039,762.1083,2.8917000000000144,13.0,0.01705794,0.0344675782116141,0.0768592658315142,14.48076442598786,0.3279058656327319,68.22844007270955,6.247065489600335,50.52745238479526,0.3935479930991012,0.2755701177903765,21.35326829964069,0.4831796979650611,665.5826396974799,0.3597145477476869,-1.238692565700107,13,13,1.0,0.6923076923076923,11.277095384616551,10.978974999998172,39.5,0.36153598186366476,14.320695,418.5361774116743,12
samples/6 node/6_nodes_s00140/no_caption/nodes_color_type.png,6,2,semi_adapted,Count the number of nodes with TLP:RED connected to at least 1 node with high connection count (node size 7-10).,0.047022496650423,0.1494373991076363,18.60202640930807,0.2469812880683781,252.003127362528,3.7406244372527264,13.946742734793157,6.0,190.51065826416016,23.74553844586077,249.3640604140426,3.1216069313953505,49.87281208280852,594.6993913420932,0.0004694327863266,760.6994,4.300600000000031,13.0,0.01708954,0.0470762063901645,0.0885451881081928,14.58608081803352,0.40485939930202,69.65504166115409,4.32321667722555,25.825284756075543,0.2410276407506268,0.2090367008557748,21.26263519089179,0.4647962514181535,624.2520639513893,1.498886748835648,1.7242691490998876,13,13,0.9230769230769231,0.9230769230769231,9.10601180000297,8.156781450015728,36.0,0.34670456250000004,13.635635,470.386587680921,12
samples/6 node/6_nodes_s00143/no_caption/nodes_size_value.png,6,2,semi_adapted,Count the number of MALWARE nodes with high connection counts (node size 7-10),0.0274666042020954,0.1050767368519285,18.188316073937223,0.2477566762011785,235.2419333948948,5.039328348392008,28.73775994903816,6.0,206.15841674804688,23.61528533042558,143.93412504357605,1.2437994999249289,28.78682500871521,256.4197356565357,0.0002373169686081,762.4038,2.5961999999999534,13.0,0.01705133,0.0593551329636187,0.1244249826130132,14.261160223640656,0.3547780822206671,67.67361942039976,3.5896445676683104,14.86566071717638,0.2632313433443961,0.1802570743336986,21.392680156614716,0.4573515183684101,639.2741890830188,0.9036739197270162,0.8344218496593365,13,13,1.0,0.7692307692307693,11.205948953833566,10.44097909994889,36.0,0.3949268355855856,14.744540000000004,427.9233003174603,12
samples/6 node/6_nodes_s00146/no_caption/edge_width_connection_number.png,6,2,semi_adapted,Count the number of ATTACK PATTERN nodes connected with at least 1 low confidence edge? (confidence of 1-3).,0.0245793510226442,0.102033505817803,17.988927481808194,0.1733850656231306,206.40390486696745,5.5031101061208405,33.992901888155515,5.0,174.3516845703125,32.80405179419125,124.2138800473108,1.037664484020592,31.0534700118277,180.91855080777432,0.000227901516909,762.27,2.730000000000018,13.0,0.01705433,0.040216394267701,0.0889005641825925,14.220955284149582,0.3210589051085791,62.61529854142116,4.675219367944889,29.68024509854757,0.2161829336191067,0.2208184134556795,21.09344205394084,0.4306287312307084,624.0681036198762,1.6400302992802698,2.174841411347203,13,13,1.0,1.0,12.180394415377892,11.46483040000021,34.5,0.4262392011128775,14.759149999999998,388.5917161382979,12
samples/12 node/12_nodes_s00003/no_caption/non_adapted.png,12,1,non_adapted,How many CYBER OBSERVABLE nodes are in the graph?,0.0328012990801678,0.1260443254450092,18.155413709474324,0.2095972216512747,233.6599386688379,4.813207273992153,24.53546603946484,3.0,202.10919189453125,31.296954424296047,125.31830700021963,1.0131928752847708,62.65915350010982,204.7755932571016,0.0005205792497415,760.2617,4.738299999999981,25.0,0.03288341,0.05825184673128,0.1135886150121098,14.438393186960536,0.318197977940074,61.805136441286464,3.697479379066583,16.673951088248337,0.2622857988476669,0.1817182933387602,21.43288972046721,0.5635120881299525,765.1756564129199,1.5925886051927447,2.6461556905174373,13,13,1.0,1.0,9.407626076924211,8.803207400022075,38.0,0.3426057619047619,14.13672,389.3257286845238,12
samples/12 node/12_nodes_s00006/no_caption/non_adapted.png,12,1,non_adapted,How many nodes have TLP:GREEN?,0.0379053487620633,0.1359354256774384,18.34758422724904,0.251400762905349,274.65528470948163,4.481956455151892,20.88937131985336,3.0,203.04654439290368,31.612262567119807,154.32704804731023,1.0106359558879874,77.16352402365511,205.20613848227484,0.0007788783885746,759.8392,5.160799999999995,25.0,0.0329017,0.0431012144603381,0.0913122545768034,14.342214587889249,0.3027936947772137,56.75791897554533,4.490010585973847,26.63979590503387,0.3833440095619883,0.2462810344213413,21.414516112557404,0.5213879357503813,688.5851001810565,0.4164791055126283,-0.8371825240963382,13,13,0.9230769230769231,0.8461538461538461,10.51698601666942,10.28660194999975,38.5,0.34394811624649846,14.353774999999999,403.872318248194,12
samples/12 node/12_nodes_s00009/no_caption/non_adapted.png,12,1,non_adapted,Count the number of nodes with high connection counts (node size 7-10),0.0353431937016537,0.11765792360392,18.528223148510985,0.2518605229767995,255.88750136292236,4.235329752359172,19.688613253136367,5.0,190.33333435058597,25.86391582946827,180.2733979357968,1.4275492557591336,45.06834948394919,271.7102097983333,0.0004349833706239,760.0325,4.967499999999973,25.0,0.03289333,0.0521079091991186,0.1113559548610717,14.29547593846392,0.2919197367531972,58.24668137894687,4.036548168829211,19.525850452583366,0.3725255928967198,0.212211309105219,21.485166058086172,0.4645407875496531,658.0989406319296,0.5172158110281065,-0.2193749811674132,13,13,1.0,0.8461538461538461,10.189006492310577,9.192540599993665,39.5,0.36372686046511626,14.573690000000001,326.97361565476194,12
samples/12 node/12_nodes_s00012/no_caption/non_adapted.png,12,1,non_adapted,How many low confidence (confidence 1-3) edges exist in the graph?,0.0276475998885673,0.1098238073885334,18.061109787974907,0.1780740181290776,218.15857171773052,4.977427036764419,26.73859612583394,5.0,181.9232604980469,31.603173802532407,121.31219569970656,1.04613841138997,30.32804892492664,190.3169107323104,0.0002462588140942,760.0568,4.943200000000047,25.0,0.03289228,0.0530775421260226,0.114501547409273,14.292722301548087,0.3521998106826497,57.17303404341529,4.202228927387527,21.09789282271377,0.3120386324580167,0.2418566986884455,21.29981547324822,0.5235133346327189,678.8664856654761,0.9105425019270088,0.1313731625969789,13,13,1.0,0.6153846153846154,9.976702753850436,9.561472999997932,39.5,0.38459259537210755,14.67924,357.06082425657894,12
samples/12 node/12_nodes_s00015/no_caption/non_adapted.png,12,2,non_adapted,Count the number of MALWARE nodes connected with at least 1 high confidence edge ( confidence 7-10).,0.0274500894825529,0.1112980211347526,18.007877922138523,0.1998129225992648,208.87706277791085,5.063754952904949,27.452760498464595,5.0,192.56258544921877,27.80279787981648,120.0569816655386,1.026225890516282,30.014245416384654,197.61271073274216,0.0002083539640397,759.9632,5.036799999999971,25.0,0.03289633,0.0428977822203949,0.0977312188548748,14.2527549156116,0.3073695009245065,53.00088570952982,4.767203555887857,27.979436263402945,0.3889864297311179,0.22958088232129,21.46109535056141,0.4531279930087084,657.1399511105345,0.3695663325003189,-0.6434550307876954,13,13,0.8461538461538461,0.5384615384615384,14.221333136365791,14.525946100009604,36.0,0.44308033428165006,15.66562,311.47989115325083,12
samples/12 node/12_nodes_s00018/no_caption/non_adapted.png,12,2,non_adapted,Count the number of nodes with TLP:RED connected to at least 1 node with high connection count (node size 7-10).,0.0435924970560333,0.1399315792937379,18.596124817992624,0.2491287491407665,250.1306704284599,3.8940119623503855,15.611497336604655,6.0,191.98436228434244,22.85047430896289,266.5674430141332,3.7205162222082815,53.31348860282664,714.2809342892078,0.0004971616868253,760.4417,4.558300000000031,25.0,0.03287563,0.0455353262339267,0.1093211050100408,14.013708421300432,0.2906029967704029,55.679135244686094,4.134695927725227,19.757263934307403,0.3533540648635873,0.2138763658911965,21.454786722983396,0.4811121365913936,692.4276180020261,0.5973259248087285,-0.0533724357889995,13,13,0.6923076923076923,0.07692307692307693,16.40840682221137,16.625188900041394,34.0,0.4679668627450979,15.95704,276.1024627087114,12
samples/12 node/12_nodes_s00024/no_caption/non_adapted.png,12,2,non_adapted,Count the number of MALWARE nodes with high connection counts (node size 7-10),0.0272592921214067,0.1063701767709804,18.130531093717607,0.2375389160381536,225.99612050990436,5.080913393645927,28.85224653048011,6.0,205.93120320638025,24.084919681563346,140.23919864883385,1.237699815834226,28.04783972976677,254.88101228305737,0.0002193421859378,760.1608,4.839200000000005,25.0,0.03288778,0.037696591403463,0.0930174937982878,14.140134440295483,0.2691463732203896,54.68187569664048,5.24650736879703,33.703338547517674,0.3661644146894579,0.234209405612103,21.406830003328192,0.4591044398685968,665.1544101391579,0.4036924203356313,-0.540414917566467,13,13,0.9230769230769231,0.6923076923076923,12.950957108337548,12.292704550003691,35.0,0.4341089189189189,15.318379999999998,347.11238606060607,11
samples/12 node/12_nodes_s00027/no_caption/non_adapted.png,12,2,non_adapted,Count the number of ATTACK PATTERN nodes connected with at least 1 low confidence edge? (confidence of 1-3).,0.019720974607732,0.087326460928649,17.88158877278543,0.1525592455590579,206.60668188300644,6.376930964583552,47.89126706003359,5.0,175.10951232910156,32.33839808866686,113.7023800674108,1.00823509929027,28.425595016852697,176.55155654980248,0.0002148009645615,760.2371,4.762899999999945,25.0,0.03288448,0.0532172916946245,0.1205133417357405,14.147055184334135,0.2790413217277129,53.67029171488188,3.991553889163004,18.197378301799336,0.3480489008509884,0.2382711185660971,21.395412069144463,0.4328471067906859,635.0915457367156,0.7568810528619904,-0.2969708832182993,13,13,0.15384615384615385,0.0,14.524884549988172,14.524884549988172,34.0,0.4571819117647059,15.81042,218.63611414285714,12
samples/12 node/12_nodes_s00072/no_caption/fully_adapted.png,12,1,fully_adapted,How many CYBER OBSERVABLE nodes are in the graph?,0.0287191632501201,0.112341687061402,18.1510751767938,0.2272423737010122,247.37839657761168,5.121369619956665,28.601940429675217,3.0,207.06185404459637,27.340117598651272,132.84721144974566,1.016840273601786,66.42360572487283,210.54883231920044,0.0005856487002633,759.4647,5.5353000000000065,25.0,0.03291792,0.0756520920716293,0.1373753666687115,14.424758283977548,0.2895852911107968,59.93089233974707,2.7227788324164752,8.352326637058862,0.3774507587167205,0.2479278721153685,21.419596124653367,0.5100258069433491,681.8054032756994,0.662013406846251,-0.5754496676106271,13,13,1.0,0.8461538461538461,7.210421646163223,6.832855199998448,42.5,0.33078467385138965,14.20196,349.6542191217219,12
samples/12 node/12_nodes_s00075/no_caption/fully_adapted.png,12,1,fully_adapted,How many nodes have TLP:GREEN?,0.0378964617254804,0.1360574458906556,18.341805279083776,0.2487133659100783,272.20466931523714,4.479186838741677,20.859396623699105,3.0,202.18839518229169,32.760456613513355,154.11882159815872,1.009217516620204,77.05941079907936,204.0520700752968,0.0007796304980454,757.9385,7.061500000000024,25.0,0.03298421,0.0645657338842424,0.1255160811966763,14.377158571014869,0.2943796030582164,56.5068498579975,3.314092303534026,13.260395948720207,0.3756487080533911,0.2459866100720401,21.383598847190093,0.4302524814099075,626.4339312169222,0.2353556274309651,-1.0402700253333292,13,13,1.0,0.9230769230769231,4.648522761538725,4.56341619999148,41.5,0.3019955950752394,13.070454999999999,432.1757600119047,12
samples/12 node/12_nodes_s00081/no_caption/fully_adapted.png,12,1,fully_adapted,Count the number of nodes with high connection counts (node size 7-10),0.0361785912490793,0.1201646378609918,18.52288149154168,0.2464873059478805,254.84760798026196,4.1621581238639385,18.780154907612243,5.0,189.4493682861328,26.43915145497444,174.61803176114643,1.3428019539975151,43.65450794028661,254.39298191821408,0.0004212034658497,757.5796,7.420399999999972,25.0,0.03299983,0.0475526268630925,0.1031775403899779,14.271902739697715,0.3188143609496998,54.22743879653375,4.21634745952856,21.972268677508502,0.1328630864118141,0.1343405107511894,21.0871954343374,0.4250385505243426,599.5620734263041,1.895528650051436,6.090115714064472,13,13,0.9230769230769231,0.8461538461538461,10.556506058325132,9.965809650022493,46.0,0.2939426086956521,13.52136,414.3128284782609,12
samples/12 node/12_nodes_s00084/no_caption/fully_adapted.png,12,1,fully_adapted,How many low confidence (confidence 1-3) edges exist in the graph?,0.0361234131809857,0.1345828945737726,18.201146818475745,0.2114585351864044,226.0484146227741,4.451040723837298,20.157432491671468,5.0,183.168896484375,30.847543152463786,128.55600886937512,1.0817368625957229,32.13900221734378,198.14054740812853,0.0002581920643707,758.7919,6.208099999999945,25.0,0.03294711,0.0655505082878025,0.1254815244984596,14.46860932298809,0.3532190054257701,59.288213821266105,3.486161619264105,14.258401024562602,0.4125877740692303,0.2111395721034495,21.540684463488564,0.5019942829398436,704.7306784382876,0.6439422702725809,0.1281094298874361,13,13,1.0,1.0,7.796792553848613,6.130747099989094,45.5,0.3219017761332099,14.34735,333.35831858169934,12
samples/12 node/12_nodes_s00087/no_caption/fully_adapted.png,12,2,fully_adapted,Count the number of MALWARE nodes connected with at least 1 high confidence edge ( confidence 7-10).,0.0275251405678419,0.1123557202749626,17.988141603088685,0.1965794506580869,207.26751840448023,5.073288848122703,27.37722135098149,5.0,191.93538818359372,28.068840910135417,119.50384820936117,1.017567160911044,29.87596205234029,195.3071480323386,0.0002030772263496,757.6093,7.390700000000038,25.0,0.03299854,0.0580288741165855,0.119554503060162,14.227242617243853,0.3125379583361859,58.25594272884158,3.4599527184594248,14.53881762129492,0.1909935755508842,0.1656523184106719,21.19524351915753,0.4677307423453719,643.6754439314293,1.1985626835654135,1.924637247026617,13,13,1.0,0.7692307692307693,10.501427061540216,10.184675600001128,41.0,0.33260756097560973,13.630215,305.439335,12
samples/12 node/12_nodes_s00090/no_caption/fully_adapted.png,12,2,fully_adapted,Count the number of nodes with TLP:RED connected to at least 1 node with high connection count (node size 7-10).,0.0429119483969928,0.1387475290005482,18.578382329205997,0.2580470306211231,253.31095897998688,3.9165432950983736,15.744810078630763,6.0,192.0314737955729,23.25167904502577,252.42658479452612,3.067310315058979,50.48531695890523,589.0201203891388,0.0004771353314445,759.4551,5.544899999999984,25.0,0.03291834,0.0437670860037907,0.10447916409325,14.061401494613404,0.264170146107455,55.05716024855615,4.2575650903949525,21.230496822711597,0.2623385765680382,0.2377595761599784,21.114376181687025,0.5053892753701873,622.6705849767785,0.7599877692358301,-0.3446298705950417,13,13,0.7692307692307693,0.38461538461538464,12.397584829984021,12.044145749991117,46.0,0.3006002173913043,14.32958,329.6593538461539,11
samples/12 node/12_nodes_s00093/no_caption/fully_adapted.png,12,2,fully_adapted,Count the number of MALWARE nodes with high connection counts (node size 7-10),0.0271640772570314,0.106578850096895,18.114882889918164,0.234786307794868,224.3060911785369,5.094814574944849,28.93777851862505,6.0,205.65253194173175,24.188963664697475,139.52997372129752,1.22060640751704,27.905994744259505,251.02079821018052,0.0002160170192776,758.5538,6.446199999999976,25.0,0.03295745,0.0461270301395576,0.1048368600520001,14.115961427865976,0.3016236139450441,58.00607843723908,4.156976443465027,21.201900379353496,0.1298501337019122,0.1470676038258394,21.0317030617504,0.4231698890232837,617.3258779901431,2.2792178596072805,6.3770570254310925,13,13,1.0,0.9230769230769231,7.873018646162511,7.782949000015378,40.5,0.3095637837837838,12.698239999999998,399.0789986486487,12
samples/12 node/12_nodes_s00096/no_caption/fully_adapted.png,12,2,fully_adapted,Count the number of ATTACK PATTERN nodes connected with at least 1 low confidence edge? (confidence of 1-3).,0.0244709820763492,0.1009518196768099,18.013704922730955,0.172482280690397,211.51764072684423,5.541759529552604,34.81110516282811,5.0,174.71094970703126,32.4322522091675,121.17529992449968,1.0277389345499044,30.29382498112492,179.55724530610624,0.0002350638632393,760.2596,4.740400000000022,25.0,0.03288351,0.0493437515022786,0.1009667884944672,14.37915259378102,0.3566823681707476,59.13293403818241,4.321421721982642,24.508252632308253,0.3390879544748983,0.2447270460242862,21.311428150233304,0.4517390766911293,637.9355911240132,0.4097862793016585,-0.7065537302705391,13,13,1.0,0.6923076923076923,10.386229684612404,9.827862699999969,43.0,0.31330559782608697,14.324444999999999,333.9410726488095,12
samples/12 node/12_nodes_s00135/no_caption/nodes_shape_tlp.png,12,1,semi_adapted,How many CYBER OBSERVABLE nodes are in the graph?,0.0283031201619975,0.11148080285583,18.12668660691545,0.2212449068596681,242.5193347097129,5.142164731795275,28.87577279477029,3.0,205.52264404296875,28.234674607410813,129.72166768098046,1.0072038061273714,64.86083384049023,207.00318932543905,0.0005230379001234,761.0899,3.9101000000000568,25.0,0.03284763,0.0412662141009194,0.102669162417058,13.996763406658188,0.2946802487208262,53.68063636030827,4.7692209658677545,27.359543626168545,0.3084922917341239,0.1494425760388219,21.56336634039355,0.5253511974209466,744.3842000359023,0.8671214898366539,1.3289373445368549,13,13,0.9230769230769231,0.8461538461538461,7.508051091659373,6.98099199995886,39.0,0.3533012,13.84816,334.1036042222222,11
samples/12 node/12_nodes_s00138/no_caption/nodes_color_type.png,12,1,semi_adapted,How many nodes have TLP:GREEN?,0.0377850356740355,0.1369712477261325,18.32755026966719,0.2530599323131481,275.0652492311316,4.564903045425885,21.776604067294087,3.0,202.92582194010416,31.56330185056536,155.58739025925405,1.0106648271402077,77.79369512962703,205.08999075337996,0.0007885486414182,757.3837,7.616300000000024,25.0,0.03300837,0.0508532104712126,0.1132455810615974,14.147512813187328,0.3182332136008114,62.99010243291863,3.74721119592943,16.153922286962086,0.2043249693245367,0.156446872890806,21.33173166909118,0.4392178413498883,632.0179739153541,1.588137385217624,4.792026320671465,13,13,1.0,0.9230769230769231,4.515265323069168,4.2582895000086864,37.5,0.36678253761969903,13.327774999999999,389.3082832903834,12
samples/12 node/12_nodes_s00141/no_caption/nodes_size_value.png,12,1,semi_adapted,Count the number of nodes with high connection counts (node size 7-10),0.0359587019785329,0.1198941552242736,18.51575587040355,0.2479721225289947,253.6066760818611,4.189337874041921,19.04397431140868,5.0,190.51219482421877,26.00075838448481,171.5979742110948,1.348918520670291,42.8994935527737,256.9854280119354,0.0004077319688689,760.4412,4.558800000000019,25.0,0.03287565,0.0483087096505565,0.1196764624895285,13.989103968457249,0.3212667112014253,51.31156814418605,4.462912003102975,22.85692086789856,0.2364860370968982,0.232746114206379,21.132285255869185,0.5476089458581201,666.8579354758326,1.4373577458813318,1.1831819677128532,13,13,1.0,0.8461538461538461,7.464006869237262,6.329431699999986,42.0,0.3306909011627907,14.590220000000002,351.61352757954546,12
samples/12 node/12_nodes_s00144/no_caption/edge_width_connection_number.png,12,1,semi_adapted,How many low confidence (confidence 1-3) edges exist in the graph?,0.0271649257956792,0.1096609699750495,18.042683391073236,0.2008510232661894,210.31157501474507,5.223907713631376,30.05314478012211,4.0,188.17737197875977,32.56898227937646,114.6156084505889,1.1000791987196454,38.205202816862965,207.0100125835627,0.0002721993338719,759.4009,5.599100000000021,25.0,0.03292069,0.0462380326933516,0.1035100562272496,14.16448838128256,0.2884980043195216,54.76914992050156,4.13103616819514,20.80178622742105,0.3721672992300031,0.2398679301859238,21.39058242962241,0.4392705905439227,635.8952304349863,0.2866630018965728,-0.6905753366756318,13,13,1.0,1.0,6.974660584608587,6.146260200010147,42.5,0.3277426515151515,13.763565,384.37821240674316,12
samples/12 node/12_nodes_s00147/no_caption/nodes_shape_tlp.png,12,2,semi_adapted,Count the number of MALWARE nodes connected with at least 1 high confidence edge ( confidence 7-10).,0.0271708628441445,0.1118836499330716,17.96380869472528,0.1933730898716738,205.28166205748497,5.109669826352186,27.728338995854383,5.0,192.27239685058595,28.080397003825787,117.75731660283124,1.0133784184365031,29.439329150707813,194.8446974294425,0.0001982097625204,761.4028,3.5972000000000435,25.0,0.03283413,0.051652099764865,0.1163866511270739,14.09092458488479,0.2943979485731446,56.78912560563847,3.8983596421369895,18.080592480979725,0.3305854211064177,0.2330890017007972,21.36722754703822,0.4839595506945179,671.7271819284648,0.6388816511224771,-0.5276022048459028,13,13,0.6153846153846154,0.23076923076923078,15.73233250000476,16.17926345002344,36.0,0.4289513742690058,15.728765,267.6019222916667,12
samples/12 node/12_nodes_s00150/no_caption/nodes_color_type.png,12,2,semi_adapted,Count the number of nodes with TLP:RED connected to at least 1 node with high connection count (node size 7-10).,0.0447644989338177,0.1428394529372107,18.606038162191464,0.253018727813293,253.13843558684783,3.83611045365287,14.994944410898157,6.0,192.01196797688803,23.328896084738684,257.34405463031254,3.227075592815469,51.46881092606251,619.6371353866807,0.0004859714559992,757.5262,7.473799999999983,25.0,0.03300216,0.102114881503591,0.152459226409136,14.806081747177831,0.37846950622089,72.21596841457016,2.2436961420330546,5.224068186602521,0.3727042001224039,0.2061752496268208,21.518782136651428,0.5294496336973518,721.4302097490258,0.8082327403586611,-0.173135758144018,13,13,0.7692307692307693,0.0,13.618084060002706,13.91443805002018,39.5,0.37316595238095235,15.146865000000002,291.7985070449562,12
samples/12 node/12_nodes_s00153/no_caption/nodes_size_value.png,12,2,semi_adapted,Count the number of MALWARE nodes with high connection counts (node size 7-10),0.02712237423176,0.1078787081659634,18.087061523610156,0.2259595630646637,220.46765992643503,5.193627192608584,29.96539807481316,5.0,203.19039306640624,25.030355408626832,128.0935328533949,1.0810266721763842,32.02338321334872,219.65423443478855,0.000244976314537,760.6803,4.319700000000012,25.0,0.03286532,0.0554184424559638,0.1242803299304712,14.131128841052217,0.2847814371558038,53.7722261508626,3.7683310427327057,16.22002195256638,0.2987993363314991,0.2374933347211127,21.32206643019669,0.4814336144795246,644.6788891473948,1.268124228159685,0.8185047254046607,13,13,1.0,0.8461538461538461,10.974983884619055,10.135774599969864,36.5,0.3731408671399594,14.006834999999999,372.4093212489487,12
samples/12 node/12_nodes_s00156/no_caption/edge_width_connection_number.png,12,2,semi_adapted,Count the number of ATTACK PATTERN nodes connected with at least 1 low confidence edge? (confidence of 1-3).,0.0189080798427402,0.0841437482961205,17.89125629814906,0.1481991716398378,210.74381079476245,6.598356668183499,51.9115622166352,5.0,175.5513702392578,31.99049938639425,118.91731206926632,1.0675058645153035,29.729328017316583,187.40211725410504,0.0002290646209742,760.0776,4.922400000000039,25.0,0.03289138,0.0483974879380673,0.1100981458533396,14.147891690673784,0.3130994770919082,54.329090263453374,4.140500120010205,20.174095590148305,0.3986324844748443,0.2689491616700644,21.37603142725766,0.4509312519826016,633.7452904345137,0.3976735557363544,-0.8745150623182192,13,13,0.8461538461538461,0.6153846153846154,14.179223736377025,14.16836719999992,39.5,0.3813650784883721,15.415409999999998,335.17108840909094,12
