modality,signal,condition_factor,condition_level,participant_id,loo_r,loo_fisher_z
et,gx_isc,adaptation,non_adapted,sphynx_12,0.30606898154996837,0.31620228443597453
et,gx_isc,adaptation,non_adapted,sphynx_13,0.20824496624462444,0.2113360507027663
et,gx_isc,adaptation,non_adapted,sphynx_3,0.3061431752961603,0.31628414896480733
et,gx_isc,adaptation,non_adapted,trial_1_3,-0.009170898087622512,-0.009171155207862016
et,gx_isc,adaptation,non_adapted,sphynx_6,0.2884207340048709,0.296842845977508
et,gx_isc,adaptation,non_adapted,sphynx_5_1,0.35949656969978516,0.37630763193984945
et,gx_isc,adaptation,non_adapted,sphynx_7,0.16375494759990142,0.16524269249911414
et,gx_isc,adaptation,non_adapted,sphynx_10,0.35132445796371364,0.3669539069977563
et,gx_isc,adaptation,non_adapted,sphynx_4,-0.2490951456292073,-0.2544478664239487
et,gx_isc,adaptation,non_adapted,sphynx_11,-0.1322311502559039,-0.13301002859976493
et,gx_isc,adaptation,non_adapted,sphynx_8,0.5260722968114764,0.5846989011287386
et,gx_isc,adaptation,non_adapted,sphynx_9,0.35598865862527823,0.3722848839200503
et,gx_isc,adaptation,non_adapted,sphynx_2,0.39586688922763574,0.41873818574611527
et,gx_isc,adaptation,semi_adapted,sphynx_12,-0.0053567927005015005,-0.005356843939513053
et,gx_isc,adaptation,semi_adapted,sphynx_13,0.2191674137823971,0.22278134420446913
et,gx_isc,adaptation,semi_adapted,sphynx_3,0.6112361159675195,0.7108923799375392
et,gx_isc,adaptation,semi_adapted,trial_1_3,-0.18945395000425574,-0.19177072945784449
et,gx_isc,adaptation,semi_adapted,sphynx_6,0.5199306300169376,0.5762446801971299
et,gx_isc,adaptation,semi_adapted,sphynx_5_1,0.24689199189696953,0.25210033650115776
et,gx_isc,adaptation,semi_adapted,sphynx_7,-0.14917583011297475,-0.15029740180677742
et,gx_isc,adaptation,semi_adapted,sphynx_10,-0.41587699536407013,-0.4426964088865444
et,gx_isc,adaptation,semi_adapted,sphynx_4,0.38603666571005263,0.40713421175614206
et,gx_isc,adaptation,semi_adapted,sphynx_11,0.38362084433333604,0.4042984278044214
et,gx_isc,adaptation,semi_adapted,sphynx_8,0.09695820271793236,0.09726375931366678
et,gx_isc,adaptation,semi_adapted,sphynx_9,0.3638934623563326,0.3813663336230682
et,gx_isc,adaptation,semi_adapted,sphynx_2,0.27443319835189395,0.28165183182497455
et,gx_isc,adaptation,fully_adapted,sphynx_12,0.26376639988710887,0.2701521437914002
et,gx_isc,adaptation,fully_adapted,sphynx_13,-0.10434392846034804,-0.1047251085831191
et,gx_isc,adaptation,fully_adapted,sphynx_3,0.10754878137705351,0.10796634609222468
et,gx_isc,adaptation,fully_adapted,trial_1_3,-0.4259301229614543,-0.45491423586580526
et,gx_isc,adaptation,fully_adapted,sphynx_6,0.12918333287093986,0.1299092334761043
et,gx_isc,adaptation,fully_adapted,sphynx_5_1,-0.3131891376470151,-0.32407748456922825
et,gx_isc,adaptation,fully_adapted,sphynx_7,-0.11209018711004663,-0.11256319963225646
et,gx_isc,adaptation,fully_adapted,sphynx_10,0.3456722466696238,0.36052030050906764
et,gx_isc,adaptation,fully_adapted,sphynx_4,-0.1456651261914534,-0.14670870137241357
et,gx_isc,adaptation,fully_adapted,sphynx_11,-0.19835108575789054,-0.2010155232048894
et,gx_isc,adaptation,fully_adapted,sphynx_8,0.2535304381076942,0.2591821790374975
et,gx_isc,adaptation,fully_adapted,sphynx_9,-0.00922467739237519,-0.009224939062704095
et,gx_isc,adaptation,fully_adapted,sphynx_2,-0.3365523728037406,-0.3501994024159886
et,gx_isc,graph_nodes,6,sphynx_12,0.5213074476403406,0.578133434404906
et,gx_isc,graph_nodes,6,sphynx_13,-0.03826072072586052,-0.038279406877573134
et,gx_isc,graph_nodes,6,sphynx_3,0.30545463969424685,0.31552458415813794
et,gx_isc,graph_nodes,6,trial_1_3,-0.2023607825097924,-0.20519291754365213
et,gx_isc,graph_nodes,6,sphynx_6,0.47475454678287166,0.5161905813473525
et,gx_isc,graph_nodes,6,sphynx_5_1,-0.11435358779642939,-0.11485599311691633
et,gx_isc,graph_nodes,6,sphynx_7,-0.21792415125784825,-0.22147572201264695
et,gx_isc,graph_nodes,6,sphynx_10,0.13258224525668513,0.13336738867464296
et,gx_isc,graph_nodes,6,sphynx_4,0.24352559970919865,0.2485185784315029
et,gx_isc,graph_nodes,6,sphynx_11,-0.10427339325004815,-0.10465379748690141
et,gx_isc,graph_nodes,6,sphynx_8,0.17577707091951517,0.17762175331238125
et,gx_isc,graph_nodes,6,sphynx_9,0.272257639974342,0.2793005930222669
et,gx_isc,graph_nodes,6,sphynx_2,0.049982876745977636,0.05002456312377746
et,gx_isc,graph_nodes,12,sphynx_12,0.34345396039465287,0.3580031694518456
et,gx_isc,graph_nodes,12,sphynx_13,-0.1233015992056118,-0.12393222492030283
et,gx_isc,graph_nodes,12,sphynx_3,0.6223253040824588,0.7287912698338053
et,gx_isc,graph_nodes,12,trial_1_3,-0.15281090858269322,-0.1540172945813189
et,gx_isc,graph_nodes,12,sphynx_6,0.432771103651252,0.4633013816337492
et,gx_isc,graph_nodes,12,sphynx_5_1,0.23696380805733055,0.241554825115288
et,gx_isc,graph_nodes,12,sphynx_7,-0.07705510023454867,-0.07720815043573043
et,gx_isc,graph_nodes,12,sphynx_10,0.0726751233750453,0.07280347914033083
et,gx_isc,graph_nodes,12,sphynx_4,-0.08015189814181747,-0.08032420346025144
et,gx_isc,graph_nodes,12,sphynx_11,0.20919725112464183,0.21233171112124105
et,gx_isc,graph_nodes,12,sphynx_8,0.5598469820818316,0.6326102862863234
et,gx_isc,graph_nodes,12,sphynx_9,0.5140229646198299,0.5681821157896845
et,gx_isc,graph_nodes,12,sphynx_2,-0.22882874338313478,-0.23295314096375477
et,gx_isc,question_level,2,sphynx_12,-0.08325148065956287,-0.0834446178274597
et,gx_isc,question_level,2,sphynx_13,-0.21100871339830474,-0.21422683077441393
et,gx_isc,question_level,2,sphynx_3,0.4326971280929361,0.4632103618112466
et,gx_isc,question_level,2,trial_1_3,0.024039263033909516,0.024043895292692356
et,gx_isc,question_level,2,sphynx_6,0.4012373876504412,0.4251228802954938
et,gx_isc,question_level,2,sphynx_5_1,0.09813925575751364,0.0984561590807193
et,gx_isc,question_level,2,sphynx_7,0.1744541323258642,0.17625696253859524
et,gx_isc,question_level,2,sphynx_10,0.15987608464858266,0.16125952779122607
et,gx_isc,question_level,2,sphynx_4,0.06520208869149431,0.06529472324633602
et,gx_isc,question_level,2,sphynx_11,0.09990993088729654,0.10024436965681242
et,gx_isc,question_level,2,sphynx_8,0.47086431172143994,0.5111802877979774
et,gx_isc,question_level,2,sphynx_9,0.06201650712948135,0.06209619724259918
et,gx_isc,question_level,2,sphynx_2,0.13709963029755304,0.13796843877358148
et,gx_isc,question_level,1,sphynx_12,0.4568047579330536,0.49326598865002813
et,gx_isc,question_level,1,sphynx_13,0.15973382292439736,0.16111353783014365
et,gx_isc,question_level,1,sphynx_3,0.4613332791864934,0.49900372598682663
et,gx_isc,question_level,1,trial_1_3,-0.052507519465176115,-0.05255585455094721
et,gx_isc,question_level,1,sphynx_6,0.5567288327805633,0.628080149102114
et,gx_isc,question_level,1,sphynx_5_1,0.20341434266113506,0.20629170771273295
et,gx_isc,question_level,1,sphynx_7,0.04838748198566478,0.04842529911045377
et,gx_isc,question_level,1,sphynx_10,0.08325096453984224,0.08344409810566891
et,gx_isc,question_level,1,sphynx_4,0.16517344360426855,0.1667006235826882
et,gx_isc,question_level,1,sphynx_11,-0.009065621612183784,-0.009065869978631715
et,gx_isc,question_level,1,sphynx_8,0.28727766826772577,0.29559651239099294
et,gx_isc,question_level,1,sphynx_9,0.23330663911810992,0.2376836172935536
et,gx_isc,question_level,1,sphynx_2,0.1379647571488189,0.13885024514355696
et,gy_isc,adaptation,non_adapted,sphynx_12,0.8758009460543419,1.357452733068094
et,gy_isc,adaptation,non_adapted,sphynx_13,0.6406999842351914,0.7593602557081636
et,gy_isc,adaptation,non_adapted,sphynx_3,0.7569735182635657,0.9890888000995723
et,gy_isc,adaptation,non_adapted,trial_1_3,0.4303630311297612,0.46034214887650543
et,gy_isc,adaptation,non_adapted,sphynx_6,0.7664675568947398,1.011708045391909
et,gy_isc,adaptation,non_adapted,sphynx_5_1,0.8363062021914739,1.2087568689776598
et,gy_isc,adaptation,non_adapted,sphynx_7,0.808412130078468,1.1224289544410508
et,gy_isc,adaptation,non_adapted,sphynx_10,0.7273837040672937,0.9231489679416626
et,gy_isc,adaptation,non_adapted,sphynx_4,0.7769935275195514,1.0377386950846574
et,gy_isc,adaptation,non_adapted,sphynx_11,0.6844686154346197,0.8374736393063388
et,gy_isc,adaptation,non_adapted,sphynx_8,0.8267006468822314,1.1776231147124172
et,gy_isc,adaptation,non_adapted,sphynx_9,0.6634531746693005,0.7989568264744266
et,gy_isc,adaptation,non_adapted,sphynx_2,0.4240723166091529,0.45264688583644397
et,gy_isc,adaptation,semi_adapted,sphynx_12,0.5722880944441426,0.6509186856538427
et,gy_isc,adaptation,semi_adapted,sphynx_13,0.5328185325887685,0.5940728672243716
et,gy_isc,adaptation,semi_adapted,sphynx_3,0.7401903685765023,0.9509003087243905
et,gy_isc,adaptation,semi_adapted,trial_1_3,0.3739206898367909,0.39297334619565205
et,gy_isc,adaptation,semi_adapted,sphynx_6,0.3935560228892054,0.4160008479004155
et,gy_isc,adaptation,semi_adapted,sphynx_5_1,0.510819068946871,0.5638373946593346
et,gy_isc,adaptation,semi_adapted,sphynx_7,0.6282782381453073,0.7385664087485351
et,gy_isc,adaptation,semi_adapted,sphynx_10,0.5737200328946168,0.6530506065725219
et,gy_isc,adaptation,semi_adapted,sphynx_4,0.702421730227911,0.872064890739208
et,gy_isc,adaptation,semi_adapted,sphynx_11,0.6785318317702128,0.8263881260254708
et,gy_isc,adaptation,semi_adapted,sphynx_8,0.1494507083933184,0.1505785480915081
et,gy_isc,adaptation,semi_adapted,sphynx_9,0.7259574822014652,0.9201269844121279
et,gy_isc,adaptation,semi_adapted,sphynx_2,-0.13406206314011573,-0.13487398631991598
et,gy_isc,adaptation,fully_adapted,sphynx_12,0.6522833544844407,0.7792627751892515
et,gy_isc,adaptation,fully_adapted,sphynx_13,0.3112069494191126,0.3218812317831572
et,gy_isc,adaptation,fully_adapted,sphynx_3,0.728887357039536,0.926349471582791
et,gy_isc,adaptation,fully_adapted,trial_1_3,0.09589707428108069,0.09619267148789061
et,gy_isc,adaptation,fully_adapted,sphynx_6,0.6058350146033589,0.702314796143073
et,gy_isc,adaptation,fully_adapted,sphynx_5_1,0.5755489382916822,0.6557811541150129
et,gy_isc,adaptation,fully_adapted,sphynx_7,0.6560592213043507,0.7858633041822317
et,gy_isc,adaptation,fully_adapted,sphynx_10,0.6539059975509375,0.7820923095139917
et,gy_isc,adaptation,fully_adapted,sphynx_4,0.6352878537654594,0.7502328615976412
et,gy_isc,adaptation,fully_adapted,sphynx_11,0.6482590335470891,0.7722899323647301
et,gy_isc,adaptation,fully_adapted,sphynx_8,0.05073539992870305,0.05077899962573699
et,gy_isc,adaptation,fully_adapted,sphynx_9,0.6963019241254174,0.8600858926944213
et,gy_isc,adaptation,fully_adapted,sphynx_2,0.6092858226899499,0.707784741411717
et,gy_isc,graph_nodes,6,sphynx_12,0.7693455872200556,1.0187222453581644
et,gy_isc,graph_nodes,6,sphynx_13,0.5535453899121406,0.6234786041168627
et,gy_isc,graph_nodes,6,sphynx_3,0.702282792916257,0.8717906911000308
et,gy_isc,graph_nodes,6,trial_1_3,-0.01841984871492936,-0.018421932367690314
et,gy_isc,graph_nodes,6,sphynx_6,0.7042350548092174,0.8756533030339821
et,gy_isc,graph_nodes,6,sphynx_5_1,0.7654747486363123,1.009305824392856
et,gy_isc,graph_nodes,6,sphynx_7,0.6145810275619416,0.7162498968296199
et,gy_isc,graph_nodes,6,sphynx_10,0.7314441681836994,0.9318261432481718
et,gy_isc,graph_nodes,6,sphynx_4,0.8190347144169746,1.1538780210825288
et,gy_isc,graph_nodes,6,sphynx_11,0.7149791736746548,0.8972969817358893
et,gy_isc,graph_nodes,6,sphynx_8,0.11514282085633129,0.11565575682963425
et,gy_isc,graph_nodes,6,sphynx_9,0.5316727231591046,0.5924741696472324
et,gy_isc,graph_nodes,6,sphynx_2,0.35399727854301655,0.3700063634880381
et,gy_isc,graph_nodes,12,sphynx_12,0.8466363931425093,1.2441547399897435
et,gy_isc,graph_nodes,12,sphynx_13,0.6312566596929626,0.7435025531632157
et,gy_isc,graph_nodes,12,sphynx_3,0.8910614046521954,1.4270545810633684
et,gy_isc,graph_nodes,12,trial_1_3,0.6968589343537335,0.8611679374679287
et,gy_isc,graph_nodes,12,sphynx_6,0.7105661807323139,0.8883265136126431
et,gy_isc,graph_nodes,12,sphynx_5_1,0.8180878922612769,1.1510084866141936
et,gy_isc,graph_nodes,12,sphynx_7,0.8498433696475154,1.2555886488932924
et,gy_isc,graph_nodes,12,sphynx_10,0.8205727920441577,1.1585684262441236
et,gy_isc,graph_nodes,12,sphynx_4,0.7094211878398715,0.8860176338714464
et,gy_isc,graph_nodes,12,sphynx_11,0.6192609353281928,0.7238054202503955
et,gy_isc,graph_nodes,12,sphynx_8,0.7214805982351861,0.9107261451416948
et,gy_isc,graph_nodes,12,sphynx_9,0.7902733809175216,1.0721593726070697
et,gy_isc,graph_nodes,12,sphynx_2,0.403588462125032,0.4279282474517019
et,gy_isc,question_level,2,sphynx_12,0.7581969065158358,0.9919601731450803
et,gy_isc,question_level,2,sphynx_13,0.7193820502915235,0.9063630487597444
et,gy_isc,question_level,2,sphynx_3,0.8308219349949124,1.1907842452438635
et,gy_isc,question_level,2,trial_1_3,0.5784257234031202,0.6600936350563527
et,gy_isc,question_level,2,sphynx_6,0.830729079556828,1.1904845298574946
et,gy_isc,question_level,2,sphynx_5_1,0.8844231279880791,1.3957205765130813
et,gy_isc,question_level,2,sphynx_7,0.8379329263137941,1.2141932624249236
et,gy_isc,question_level,2,sphynx_10,0.8240235443872167,1.169224933747937
et,gy_isc,question_level,2,sphynx_4,0.7229304483024552,0.9137566526280418
et,gy_isc,question_level,2,sphynx_11,0.6793019881673579,0.8278167978041467
et,gy_isc,question_level,2,sphynx_8,0.5117181981191724,0.5650547302038317
et,gy_isc,question_level,2,sphynx_9,0.8235670854916272,1.1678045413164804
et,gy_isc,question_level,2,sphynx_2,-0.0324028305001157,-0.032414178029137417
et,gy_isc,question_level,1,sphynx_12,0.8081888651430643,1.1217848905107253
et,gy_isc,question_level,1,sphynx_13,0.42708537037780225,0.4563263617937529
et,gy_isc,question_level,1,sphynx_3,0.7695852280397693,1.0193097112446212
et,gy_isc,question_level,1,trial_1_3,0.15914948710471002,0.16051395973224752
et,gy_isc,question_level,1,sphynx_6,0.5453980482676788,0.6118072939316773
et,gy_isc,question_level,1,sphynx_5_1,0.7584019715864331,0.992442699700055
et,gy_isc,question_level,1,sphynx_7,0.7047098838017875,0.8765959506484373
et,gy_isc,question_level,1,sphynx_10,0.7011231870667388,0.8695062592679572
et,gy_isc,question_level,1,sphynx_4,0.7627080175212476,1.002657587706324
et,gy_isc,question_level,1,sphynx_11,0.7373085710214046,0.9445561634550048
et,gy_isc,question_level,1,sphynx_8,0.6445436361831295,0.7659078520660564
et,gy_isc,question_level,1,sphynx_9,0.7330465249173059,0.9352808716131209
et,gy_isc,question_level,1,sphynx_2,0.6480116199617121,0.7718632987969252
et,pupil_isc,adaptation,non_adapted,sphynx_12,0.5112722675303482,0.5644507931172813
et,pupil_isc,adaptation,non_adapted,sphynx_13,0.437953441308866,0.469695734627712
et,pupil_isc,adaptation,non_adapted,sphynx_3,0.6882910528718914,0.8447010971626728
et,pupil_isc,adaptation,non_adapted,trial_1_3,0.6563493179835885,0.7863727856604666
et,pupil_isc,adaptation,non_adapted,sphynx_6,0.21819577724098121,0.22176090866543355
et,pupil_isc,adaptation,non_adapted,sphynx_5_1,0.5857145752993909,0.6711176264729274
et,pupil_isc,adaptation,non_adapted,sphynx_7,0.7664308691554466,1.0116191174049485
et,pupil_isc,adaptation,non_adapted,sphynx_10,0.5531265180410098,0.6228748851337856
et,pupil_isc,adaptation,non_adapted,sphynx_4,0.6634617095444338,0.7989720721083068
et,pupil_isc,adaptation,non_adapted,sphynx_11,0.2763069300456861,0.2836793048977812
et,pupil_isc,adaptation,non_adapted,sphynx_8,0.26730528222834304,0.27395948415022814
et,pupil_isc,adaptation,non_adapted,sphynx_9,0.46889353206322687,0.5086510956715645
et,pupil_isc,adaptation,non_adapted,sphynx_2,0.7101879373233465,0.8875629475808495
et,pupil_isc,adaptation,semi_adapted,sphynx_12,0.3944503126901258,0.41705947796267895
et,pupil_isc,adaptation,semi_adapted,sphynx_13,0.40084188272591126,0.4246515738261808
et,pupil_isc,adaptation,semi_adapted,sphynx_3,0.7050453058456335,0.8772625981502316
et,pupil_isc,adaptation,semi_adapted,trial_1_3,0.6155522347236804,0.7178120947666995
et,pupil_isc,adaptation,semi_adapted,sphynx_6,0.30715505271110694,0.3174010531217172
et,pupil_isc,adaptation,semi_adapted,sphynx_5_1,0.6646647783135411,0.8011241772751884
et,pupil_isc,adaptation,semi_adapted,sphynx_7,0.7159546588412414,0.8992954898632445
et,pupil_isc,adaptation,semi_adapted,sphynx_10,0.7319143779383456,0.9328381188694835
et,pupil_isc,adaptation,semi_adapted,sphynx_4,0.6823643151245431,0.8335251662428661
et,pupil_isc,adaptation,semi_adapted,sphynx_11,0.5023230389216874,0.5524083438524898
et,pupil_isc,adaptation,semi_adapted,sphynx_8,0.13822851061505048,0.1391191263591673
et,pupil_isc,adaptation,semi_adapted,sphynx_9,0.5789924698387919,0.6609457627050247
et,pupil_isc,adaptation,semi_adapted,sphynx_2,0.4993156097526575,0.5483940399081282
et,pupil_isc,adaptation,fully_adapted,sphynx_12,0.6676806289074272,0.8065463137277533
et,pupil_isc,adaptation,fully_adapted,sphynx_13,0.19083130166136614,0.19319974636373485
et,pupil_isc,adaptation,fully_adapted,sphynx_3,0.7799039080837392,1.045125212588823
et,pupil_isc,adaptation,fully_adapted,trial_1_3,0.7238033795983274,0.915587695458557
et,pupil_isc,adaptation,fully_adapted,sphynx_6,0.5067946754820278,0.5584071875303503
et,pupil_isc,adaptation,fully_adapted,sphynx_5_1,0.6460583747156371,0.7685034229944505
et,pupil_isc,adaptation,fully_adapted,sphynx_7,0.7843662233710466,1.056618542033551
et,pupil_isc,adaptation,fully_adapted,sphynx_10,0.7355635771680852,0.9407433064671414
et,pupil_isc,adaptation,fully_adapted,sphynx_4,0.7474286406831744,0.9671034091208645
et,pupil_isc,adaptation,fully_adapted,sphynx_11,0.507171493093492,0.5589143662359662
et,pupil_isc,adaptation,fully_adapted,sphynx_8,0.43294788521325134,0.463518923423795
et,pupil_isc,adaptation,fully_adapted,sphynx_9,0.5511598416166488,0.620045692666227
et,pupil_isc,adaptation,fully_adapted,sphynx_2,0.4820742440901222,0.525682999100164
et,pupil_isc,graph_nodes,6,sphynx_12,0.6748526772411491,0.819601053044341
et,pupil_isc,graph_nodes,6,sphynx_13,0.5171003432389546,0.5723736204541765
et,pupil_isc,graph_nodes,6,sphynx_3,0.6027358132917431,0.6974329071386003
et,pupil_isc,graph_nodes,6,trial_1_3,0.6642882025896288,0.8004498794846661
et,pupil_isc,graph_nodes,6,sphynx_6,0.46087884196284346,0.4984265757528732
et,pupil_isc,graph_nodes,6,sphynx_5_1,0.737132405332708,0.9441702633506401
et,pupil_isc,graph_nodes,6,sphynx_7,0.8747973633984333,1.3531611710739238
et,pupil_isc,graph_nodes,6,sphynx_10,0.7712178474838245,1.0233261933350795
et,pupil_isc,graph_nodes,6,sphynx_4,0.7931348079575108,1.0798266607682343
et,pupil_isc,graph_nodes,6,sphynx_11,0.6441789914087913,0.7652843128426093
et,pupil_isc,graph_nodes,6,sphynx_8,0.28613401886982576,0.29435043494236823
et,pupil_isc,graph_nodes,6,sphynx_9,0.515377419558485,0.5700247027003021
et,pupil_isc,graph_nodes,6,sphynx_2,0.7326634649215211,0.9344533914653816
et,pupil_isc,graph_nodes,12,sphynx_12,0.4818507398074882,0.5253918687807303
et,pupil_isc,graph_nodes,12,sphynx_13,0.38721129783743513,0.40851528425097666
et,pupil_isc,graph_nodes,12,sphynx_3,0.8627440334613419,1.3039792074273464
et,pupil_isc,graph_nodes,12,trial_1_3,0.8041258186877186,1.110179460725251
et,pupil_isc,graph_nodes,12,sphynx_6,0.29845134077062774,0.30781864765112543
et,pupil_isc,graph_nodes,12,sphynx_5_1,0.7679041099697465,1.0151996999574335
et,pupil_isc,graph_nodes,12,sphynx_7,0.6344700516254446,0.7488628447070593
et,pupil_isc,graph_nodes,12,sphynx_10,0.6950704935596858,0.8576994923010609
et,pupil_isc,graph_nodes,12,sphynx_4,0.717880537816664,0.9032579792576457
et,pupil_isc,graph_nodes,12,sphynx_11,0.3050926446454793,0.3151253871356558
et,pupil_isc,graph_nodes,12,sphynx_8,0.4492589451891289,0.4837714443855182
et,pupil_isc,graph_nodes,12,sphynx_9,0.7426893129891826,0.956450263781644
et,pupil_isc,graph_nodes,12,sphynx_2,0.4629656534568053,0.501079435724116
et,pupil_isc,question_level,2,sphynx_12,0.4951987828057587,0.5429248598042538
et,pupil_isc,question_level,2,sphynx_13,0.7154111325649561,0.8981812449771357
et,pupil_isc,question_level,2,sphynx_3,0.8219914522851822,1.162926908204394
et,pupil_isc,question_level,2,trial_1_3,0.7246854225006688,0.9174427934986756
et,pupil_isc,question_level,2,sphynx_6,0.2964296035885966,0.30560068435679605
et,pupil_isc,question_level,2,sphynx_5_1,0.6319557032918632,0.7446655450752745
et,pupil_isc,question_level,2,sphynx_7,0.7935492298184321,1.0809448813474785
et,pupil_isc,question_level,2,sphynx_10,0.7747814670124321,1.0321806942962652
et,pupil_isc,question_level,2,sphynx_4,0.6503449928654592,0.7758963285788764
et,pupil_isc,question_level,2,sphynx_11,0.4142845657492488,0.44077250520973377
et,pupil_isc,question_level,2,sphynx_8,0.4473746750626478,0.481413192648076
et,pupil_isc,question_level,2,sphynx_9,0.6884062461120073,0.8449200224106764
et,pupil_isc,question_level,2,sphynx_2,0.5594969636633805,0.6321006253838267
et,pupil_isc,question_level,1,sphynx_12,0.6282116085514173,0.738456333284108
et,pupil_isc,question_level,1,sphynx_13,-0.010923316486218027,-0.010923750969818864
et,pupil_isc,question_level,1,sphynx_3,0.6575587745510938,0.7885005713714354
et,pupil_isc,question_level,1,trial_1_3,0.694305993466902,0.8562219347986006
et,pupil_isc,question_level,1,sphynx_6,0.4505629273523284,0.4854063680116702
et,pupil_isc,question_level,1,sphynx_5_1,0.8450648348032515,1.238631478156616
et,pupil_isc,question_level,1,sphynx_7,0.8220055794429107,1.1629704677310706
et,pupil_isc,question_level,1,sphynx_10,0.6902209089536036,0.8483775404035963
et,pupil_isc,question_level,1,sphynx_4,0.8073304931162125,1.119314924193146
et,pupil_isc,question_level,1,sphynx_11,0.5675568679495432,0.6439113600521834
et,pupil_isc,question_level,1,sphynx_8,0.16660755921302353,0.1681753226885228
et,pupil_isc,question_level,1,sphynx_9,0.5841345193493747,0.6687158242264626
et,pupil_isc,question_level,1,sphynx_2,0.640980452907941,0.7598361717967016
physio,eda_isc,adaptation,non_adapted,sphynx_12,0.1333925145905588,0.13419224619266593
physio,eda_isc,adaptation,non_adapted,sphynx_13,0.8293508928395629,1.186053518100355
physio,eda_isc,adaptation,non_adapted,trial_1_3,-0.02195532740192651,-0.021958856178252183
physio,eda_isc,adaptation,non_adapted,sphynx_6,0.26236453202942367,0.26864604864988323
physio,eda_isc,adaptation,non_adapted,sphynx_5_1,0.19861534902697636,0.20129062424287597
physio,eda_isc,adaptation,non_adapted,sphynx_10,0.5403091104400094,0.60459205597217
physio,eda_isc,adaptation,non_adapted,sphynx_4,-0.04762633945618205,-0.04766239831419758
physio,eda_isc,adaptation,non_adapted,sphynx_11,0.6570334861752751,0.7875757055361653
physio,eda_isc,adaptation,non_adapted,sphynx_8,0.5763503575605384,0.6569803775817836
physio,eda_isc,adaptation,non_adapted,sphynx_9,0.7833578987163164,1.0540033185025741
physio,eda_isc,adaptation,non_adapted,sphynx_2,0.0434516217574919,0.04347899896084241
physio,eda_isc,adaptation,fully_adapted,sphynx_12,-0.3805949961146504,-0.4007552478637377
physio,eda_isc,adaptation,fully_adapted,sphynx_13,0.01862231660974631,0.018624469739696694
physio,eda_isc,adaptation,fully_adapted,trial_1_3,-0.03695478203306587,-0.03697161833633717
physio,eda_isc,adaptation,fully_adapted,sphynx_6,0.06831024983126795,0.06841680012467188
physio,eda_isc,adaptation,fully_adapted,sphynx_5_1,-0.39591205936278684,-0.418791751097101
physio,eda_isc,adaptation,fully_adapted,sphynx_10,0.28928537465934717,0.2977861961600549
physio,eda_isc,adaptation,fully_adapted,sphynx_4,0.0008692795005233649,0.0008692797194795696
physio,eda_isc,adaptation,fully_adapted,sphynx_11,-0.02210534573472974,-0.022108947355948642
physio,eda_isc,adaptation,fully_adapted,sphynx_8,0.2132968221872,0.21662277957877019
physio,eda_isc,adaptation,fully_adapted,sphynx_9,0.42730859000044524,0.45659941240732904
physio,eda_isc,adaptation,fully_adapted,sphynx_2,-0.11649695804320173,-0.11702830595028581
physio,eda_isc,adaptation,semi_adapted,sphynx_12,-0.6365174565550128,-0.7522972443024298
physio,eda_isc,adaptation,semi_adapted,sphynx_13,0.9074672863529625,1.512984684977945
physio,eda_isc,adaptation,semi_adapted,trial_1_3,0.07437869325861982,0.0745163093605891
physio,eda_isc,adaptation,semi_adapted,sphynx_6,-0.5586347280493604,-0.6308463645245107
physio,eda_isc,adaptation,semi_adapted,sphynx_5_1,0.9171213508332231,1.570601281898132
physio,eda_isc,adaptation,semi_adapted,sphynx_10,0.8080948013319138,1.1215137403949256
physio,eda_isc,adaptation,semi_adapted,sphynx_4,0.022591424263352495,0.022595268787556674
physio,eda_isc,adaptation,semi_adapted,sphynx_11,0.6279915967251211,0.7380929706828998
physio,eda_isc,adaptation,semi_adapted,sphynx_8,0.6775076826178216,0.8244925673780086
physio,eda_isc,adaptation,semi_adapted,sphynx_9,0.948516197640376,1.816778098355538
physio,eda_isc,adaptation,semi_adapted,sphynx_2,-0.019697756619637474,-0.01970030480001497
physio,eda_isc,graph_nodes,6,sphynx_12,-0.7999851051580787,-1.0985709154766319
physio,eda_isc,graph_nodes,6,sphynx_13,0.0049499112388317525,0.004949951666376247
physio,eda_isc,graph_nodes,6,trial_1_3,-0.02628616839419319,-0.026292225158904364
physio,eda_isc,graph_nodes,6,sphynx_6,-0.44461439531950653,-0.477967527389982
physio,eda_isc,graph_nodes,6,sphynx_10,0.6779079503172543,0.8252328277336083
physio,eda_isc,graph_nodes,6,sphynx_4,-0.04832004641739801,-0.04835770550245796
physio,eda_isc,graph_nodes,6,sphynx_11,-0.7708310787547313,-1.0223724362022792
physio,eda_isc,graph_nodes,6,sphynx_8,-0.2768213047607351,-0.28423628149413416
physio,eda_isc,graph_nodes,6,sphynx_9,0.5123125108611155,0.5658602064268852
physio,eda_isc,graph_nodes,6,sphynx_2,-0.04723122159026265,-0.04726638962580338
physio,eda_isc,graph_nodes,12,sphynx_12,0.1883501592962611,0.19062609344052933
physio,eda_isc,graph_nodes,12,sphynx_13,0.9157521605342747,1.5620513365223034
physio,eda_isc,graph_nodes,12,trial_1_3,0.050888526274393706,0.05093252234522287
physio,eda_isc,graph_nodes,12,sphynx_6,-0.4234629195455128,-0.4519040999955234
physio,eda_isc,graph_nodes,12,sphynx_5_1,0.6168520675741418,0.719907604256196
physio,eda_isc,graph_nodes,12,sphynx_10,0.5243023510865241,0.5822548243084993
physio,eda_isc,graph_nodes,12,sphynx_4,0.009380767524432752,0.009381042704388571
physio,eda_isc,graph_nodes,12,sphynx_11,0.7786247411720557,1.041868231029451
physio,eda_isc,graph_nodes,12,sphynx_8,0.8249410845276891,1.1720902029684197
physio,eda_isc,graph_nodes,12,sphynx_9,0.9304182268746446,1.6614946518124785
physio,eda_isc,graph_nodes,12,sphynx_2,-0.02649327153487986,-0.026499472631062965
physio,eda_isc,question_level,2,sphynx_12,-0.5093429027561115,-0.5618420819146173
physio,eda_isc,question_level,2,sphynx_13,0.9009590870501184,1.4772903967836226
physio,eda_isc,question_level,2,trial_1_3,-0.0054926665599943966,-0.005492721797786722
physio,eda_isc,question_level,2,sphynx_6,0.020075639035322477,0.02007833672455474
physio,eda_isc,question_level,2,sphynx_5_1,0.5815446738540877,0.6647935767246856
physio,eda_isc,question_level,2,sphynx_10,0.65502358972816,0.784047251325901
physio,eda_isc,question_level,2,sphynx_4,-0.054922573457385576,-0.0549778980712194
physio,eda_isc,question_level,2,sphynx_11,0.8779695763593882,1.3668380359336414
physio,eda_isc,question_level,2,sphynx_8,0.7924606660156313,1.0780118727554489
physio,eda_isc,question_level,2,sphynx_9,0.8614811689183306,1.299060748154314
physio,eda_isc,question_level,2,sphynx_2,-0.04189968465212815,-0.04192422997818598
physio,eda_isc,question_level,1,sphynx_12,-0.20690524483761874,-0.20993600467103243
physio,eda_isc,question_level,1,sphynx_13,0.6924974792123144,0.8527386152508538
physio,eda_isc,question_level,1,trial_1_3,0.05890091111278603,0.05896916857051395
physio,eda_isc,question_level,1,sphynx_6,-0.2084012289655361,-0.21149940265593303
physio,eda_isc,question_level,1,sphynx_5_1,0.5554699132174522,0.6262576172467881
physio,eda_isc,question_level,1,sphynx_10,0.6674468618908509,0.8061246245804287
physio,eda_isc,question_level,1,sphynx_4,0.07148223675848797,0.07160436256495366
physio,eda_isc,question_level,1,sphynx_11,-0.2659437887806108,-0.2724937966730658
physio,eda_isc,question_level,1,sphynx_8,0.6291469706048751,0.7400029944803377
physio,eda_isc,question_level,1,sphynx_9,0.720391430839476,0.9084582310839784
physio,eda_isc,question_level,1,sphynx_2,-0.03877722228674892,-0.03879667592789511
physio,ppg_isc,adaptation,non_adapted,sphynx_12,0.10362582717629225,0.10399915766461892
physio,ppg_isc,adaptation,non_adapted,sphynx_13,0.002575181795891082,0.002575187488405696
physio,ppg_isc,adaptation,non_adapted,trial_1_3,0.6000332439264959,0.6931991258140772
physio,ppg_isc,adaptation,non_adapted,sphynx_6,0.03214975578059649,0.03216083939042847
physio,ppg_isc,adaptation,non_adapted,sphynx_5_1,0.050118707194958485,0.05016073469388859
physio,ppg_isc,adaptation,non_adapted,sphynx_10,0.012213603926867302,0.012214211290963098
physio,ppg_isc,adaptation,non_adapted,sphynx_4,0.42072156785064446,0.44856846069003536
physio,ppg_isc,adaptation,non_adapted,sphynx_11,0.016793049775098202,0.01679462862543441
physio,ppg_isc,adaptation,non_adapted,sphynx_8,0.08613470505263734,0.08634867485915373
physio,ppg_isc,adaptation,non_adapted,sphynx_9,-0.0070534897907278665,-0.0070536067686319944
physio,ppg_isc,adaptation,non_adapted,sphynx_2,0.38517950651313065,0.4061273365609265
physio,ppg_isc,adaptation,fully_adapted,sphynx_12,-0.10343314969573106,-0.10380439262257153
physio,ppg_isc,adaptation,fully_adapted,sphynx_13,0.04362689641645948,0.0436546065137203
physio,ppg_isc,adaptation,fully_adapted,trial_1_3,0.12324602707139887,0.12387579525646847
physio,ppg_isc,adaptation,fully_adapted,sphynx_6,-0.14573568461131606,-0.14678079013643094
physio,ppg_isc,adaptation,fully_adapted,sphynx_5_1,0.04737028466049368,0.0474057645282665
physio,ppg_isc,adaptation,fully_adapted,sphynx_10,0.26821956346933307,0.27494437922240356
physio,ppg_isc,adaptation,fully_adapted,sphynx_4,0.27081819126715495,0.27774656074893633
physio,ppg_isc,adaptation,fully_adapted,sphynx_11,0.12020869879111375,0.12079278175397277
physio,ppg_isc,adaptation,fully_adapted,sphynx_8,0.01706682107055929,0.01706847841417742
physio,ppg_isc,adaptation,fully_adapted,sphynx_9,0.09498126413088506,0.09526844280901356
physio,ppg_isc,adaptation,fully_adapted,sphynx_2,0.4316525420508346,0.461925863204676
physio,ppg_isc,adaptation,semi_adapted,sphynx_12,-0.0699543227420103,-0.07006876862311795
physio,ppg_isc,adaptation,semi_adapted,sphynx_13,0.14305831601139452,0.14404640651551212
physio,ppg_isc,adaptation,semi_adapted,trial_1_3,0.36002049704815164,0.376909450386172
physio,ppg_isc,adaptation,semi_adapted,sphynx_6,0.13497352379011338,0.1358022438938357
physio,ppg_isc,adaptation,semi_adapted,sphynx_5_1,0.019129383896513336,0.01913171776866534
physio,ppg_isc,adaptation,semi_adapted,sphynx_10,0.03702089071331951,0.03703781758380814
physio,ppg_isc,adaptation,semi_adapted,sphynx_4,0.32044768129032897,0.33214594202658065
physio,ppg_isc,adaptation,semi_adapted,sphynx_11,0.05378722925167121,0.05383918947809879
physio,ppg_isc,adaptation,semi_adapted,sphynx_8,0.059387000464943586,0.05945696424534331
physio,ppg_isc,adaptation,semi_adapted,sphynx_9,-0.19674749966349842,-0.1993468141160686
physio,ppg_isc,adaptation,semi_adapted,sphynx_2,0.3130214955404765,0.32389162137511607
physio,ppg_isc,graph_nodes,6,sphynx_12,0.0199919510606933,0.019994615147975382
physio,ppg_isc,graph_nodes,6,sphynx_13,0.2547102086831917,0.2604433955536502
physio,ppg_isc,graph_nodes,6,trial_1_3,-0.3935449247595338,-0.415987715853353
physio,ppg_isc,graph_nodes,6,sphynx_6,0.06768177670888634,0.06778540776517956
physio,ppg_isc,graph_nodes,6,sphynx_10,-0.05300595685487179,-0.053055683110651945
physio,ppg_isc,graph_nodes,6,sphynx_4,0.10927393611110385,0.10971201820378303
physio,ppg_isc,graph_nodes,6,sphynx_11,0.09039647968017998,0.0906439196486614
physio,ppg_isc,graph_nodes,6,sphynx_8,0.07689442739109663,0.07704651991260429
physio,ppg_isc,graph_nodes,6,sphynx_9,0.002457385412472376,0.002457390358996671
physio,ppg_isc,graph_nodes,6,sphynx_2,0.3989561886462657,0.42240691433840805
physio,ppg_isc,graph_nodes,12,sphynx_12,0.08879995433317008,0.08903447357234705
physio,ppg_isc,graph_nodes,12,sphynx_13,0.09859884000824023,0.09892023394625336
physio,ppg_isc,graph_nodes,12,trial_1_3,0.7930377246348483,1.0795649906461486
physio,ppg_isc,graph_nodes,12,sphynx_6,-0.04198737880933799,-0.04201207868415415
physio,ppg_isc,graph_nodes,12,sphynx_5_1,0.008500847103069552,0.008501051881491169
physio,ppg_isc,graph_nodes,12,sphynx_10,0.06820502233674723,0.06831108006922514
physio,ppg_isc,graph_nodes,12,sphynx_4,0.7167877406986641,0.9010067908444581
physio,ppg_isc,graph_nodes,12,sphynx_11,0.004268142055653077,0.004268167973569724
physio,ppg_isc,graph_nodes,12,sphynx_8,-0.0409160892044512,-0.04093894506811406
physio,ppg_isc,graph_nodes,12,sphynx_9,-0.02531713778571144,-0.025322548936345335
physio,ppg_isc,graph_nodes,12,sphynx_2,0.6944019462572295,0.8564072174290579
physio,ppg_isc,question_level,2,sphynx_12,-0.03194106020017211,-0.031951929277740536
physio,ppg_isc,question_level,2,sphynx_13,0.11041005694507249,0.11086201417268804
physio,ppg_isc,question_level,2,trial_1_3,0.6997521451796921,0.8668147030861545
physio,ppg_isc,question_level,2,sphynx_6,0.09237163458821898,0.09263570874824029
physio,ppg_isc,question_level,2,sphynx_5_1,-0.00011326243386821178,-0.00011326243435253627
physio,ppg_isc,question_level,2,sphynx_10,-0.004811486154739641,-0.004811523284530167
physio,ppg_isc,question_level,2,sphynx_4,0.5869206923100944,0.6729555715536555
physio,ppg_isc,question_level,2,sphynx_11,0.10620637218843555,0.106608425411614
physio,ppg_isc,question_level,2,sphynx_8,-0.011158939758383305,-0.011159402970587963
physio,ppg_isc,question_level,2,sphynx_9,-0.028742962539276218,-0.02875088187370037
physio,ppg_isc,question_level,2,sphynx_2,0.5845846279460376,0.669399335697909
physio,ppg_isc,question_level,1,sphynx_12,0.1765413917842114,0.1784105522892418
physio,ppg_isc,question_level,1,sphynx_13,0.02215647558772771,0.02216010226346549
physio,ppg_isc,question_level,1,trial_1_3,-0.1690603194024737,-0.1706991767959413
physio,ppg_isc,question_level,1,sphynx_6,0.09781109365465618,0.09812481637142204
physio,ppg_isc,question_level,1,sphynx_5_1,-0.03375445827583742,-0.03376728657869035
physio,ppg_isc,question_level,1,sphynx_10,0.10549461504040832,0.1058886031073432
physio,ppg_isc,question_level,1,sphynx_4,0.11659805925685462,0.11713079936506329
physio,ppg_isc,question_level,1,sphynx_11,-0.07474700754648794,-0.07488668278775468
physio,ppg_isc,question_level,1,sphynx_8,-0.018580884334836727,-0.018583023123442077
physio,ppg_isc,question_level,1,sphynx_9,0.11727407140026308,0.11781618350852639
physio,ppg_isc,question_level,1,sphynx_2,0.3413041643414822,0.35556790152145445
