modality,signal,condition_factor,level_a,level_b,n_paired,mean_r_a,mean_r_b,mean_z_diff,wilcoxon_stat,p_wilcoxon,p_perm,p_raw,p_fdr_factor,p_fdr_global,p_bonferroni_factor,p_bonferroni_global,sig_raw_0.05,sig_fdr_factor,sig_fdr_global,sig_bonferroni_factor,sig_bonferroni_global
et,gx_isc,adaptation,non_adapted,fully_adapted,13,0.22881938723235482,-0.044255565356478996,0.27722775952932416,4.0,0.001708984375,0.001799640071985603,0.001799640071985603,0.013497300539892022,0.022495500899820036,0.026994601079784044,0.04499100179964007,True,True,True,True,True
et,gx_isc,adaptation,non_adapted,semi_adapted,13,0.22881938723235482,0.19320320780673075,0.03728081238532424,41.0,0.786865234375,0.7460507898420315,0.7460507898420315,0.8537578198645985,0.8300423248683596,1.0,1.0,False,False,False,False,False
et,gx_isc,adaptation,semi_adapted,fully_adapted,13,0.19320320780673075,-0.044255565356478996,0.23994694714400003,20.0,0.080322265625,0.07938412317536493,0.07938412317536493,0.14884523095380925,0.19846030793841235,1.0,1.0,False,False,False,False,False
et,gx_isc,graph_nodes,6,12,13,0.12353678562944084,0.19805115177809354,-0.07653227573643319,32.0,0.375732421875,0.3261347730453909,0.3261347730453909,0.40766846630673864,0.47960996036086895,1.0,1.0,False,False,False,False,False
et,gx_isc,question_level,1,2,13,0.21921693781859464,0.14718936235959673,0.07456703272721342,33.0,0.414306640625,0.264747050589882,0.264747050589882,0.3309338132373525,0.41366726654669067,1.0,1.0,False,False,False,False,False
et,gy_isc,adaptation,non_adapted,fully_adapted,13,0.7322652808576668,0.5581004216219316,0.303524291863635,6.0,0.00341796875,0.003799240151969606,0.003799240151969606,0.014247150569886022,0.02374525094981004,0.05698860227954409,0.09498100379924015,True,True,True,False,False
et,gy_isc,adaptation,non_adapted,semi_adapted,13,0.7322652808576668,0.5257116528128835,0.3493939159454953,4.0,0.001708984375,0.0015996800639872025,0.0015996800639872025,0.013497300539892022,0.022495500899820036,0.023995200959808036,0.03999200159968006,True,True,True,True,True
et,gy_isc,adaptation,semi_adapted,fully_adapted,13,0.5257116528128835,0.5581004216219316,-0.04586962408186025,43.0,0.892578125,0.6602679464107178,0.6602679464107178,0.8253349330133973,0.7860332695365689,1.0,1.0,False,False,False,False,False
et,gy_isc,graph_nodes,6,12,13,0.6071879820780346,0.7533989952476854,-0.27631481829811516,13.0,0.021484375,0.015796840631873626,0.015796840631873626,0.07898420315936813,0.07898420315936813,0.07898420315936813,0.39492101579684064,True,False,False,False,False
et,gy_isc,question_level,1,2,13,0.6695288480537649,0.7331245103661715,-0.1255607729388412,24.0,0.146484375,0.2631473705258948,0.2631473705258948,0.3309338132373525,0.41366726654669067,1.0,1.0,False,False,False,False,False
et,pupil_isc,adaptation,non_adapted,fully_adapted,13,0.5449614079609264,0.6197598900162066,-0.1134291511582631,23.0,0.127197265625,0.07378524295140972,0.07378524295140972,0.14884523095380925,0.19846030793841235,1.0,1.0,False,False,False,False,False
et,pupil_isc,adaptation,non_adapted,semi_adapted,13,0.5449614079609264,0.5544312299316639,-0.013570705403780189,43.0,0.892578125,0.7968406318736253,0.7968406318736253,0.8537578198645985,0.8300423248683596,1.0,1.0,False,False,False,False,False
et,pupil_isc,adaptation,semi_adapted,fully_adapted,13,0.5544312299316639,0.6197598900162066,-0.09985844575448291,22.0,0.10986328125,0.051789642071585686,0.051789642071585686,0.1294741051789642,0.16184263147370526,0.7768446310737853,1.0,False,False,False,False,False
et,pupil_isc,graph_nodes,6,12,13,0.6620055806545071,0.6205804493175269,0.07042693463597174,36.0,0.541748046875,0.48990201959608076,0.48990201959608076,0.48990201959608076,0.6446079205211589,1.0,1.0,False,False,False,False,False
et,pupil_isc,question_level,1,2,13,0.6220097999431364,0.6401685331641938,-0.030182749234397566,44.0,0.946044921875,0.78624275144971,0.78624275144971,0.78624275144971,0.8300423248683596,1.0,1.0,False,False,False,False,False
physio,eda_isc,adaptation,non_adapted,fully_adapted,11,0.41569135437098403,0.005751124512362787,0.43672077928366126,2.0,0.0029296875,0.002999400119976005,0.002999400119976005,0.014247150569886022,0.02374525094981004,0.04499100179964007,0.07498500299940013,True,True,True,True,False
physio,eda_isc,adaptation,non_adapted,semi_adapted,11,0.41569135437098403,0.5159419572157351,-0.12832176081470661,22.0,0.365234375,0.5354929014197161,0.5354929014197161,0.7302175928450674,0.669366126774645,1.0,1.0,False,False,False,False,False
physio,eda_isc,adaptation,semi_adapted,fully_adapted,11,0.5159419572157351,0.005751124512362787,0.565042540098368,10.0,0.0419921875,0.04059188162367527,0.04059188162367527,0.12177564487102581,0.14497100579884023,0.6088782243551291,1.0,True,False,False,False,False
physio,eda_isc,graph_nodes,6,12,10,-0.15952772373955496,0.5221052129027076,-0.740131582752803,5.0,0.01953125,0.033793241351729654,0.033793241351729654,0.08448310337932413,0.14080517229887354,0.16896620675864826,0.8448310337932413,True,False,False,False,False
physio,eda_isc,question_level,1,2,11,0.29392520448496073,0.4988752284499653,-0.24495032298094824,20.0,0.2783203125,0.13557288542291543,0.13557288542291543,0.3309338132373525,0.30812019414298963,0.6778644271145772,1.0,False,False,False,False,False
physio,ppg_isc,adaptation,non_adapted,fully_adapted,11,0.16618028956923822,0.10974685840398114,0.05754520551060613,26.0,0.5771484375,0.4423115376924615,0.4423115376924615,0.6634673065386922,0.6143215801284188,1.0,1.0,False,False,False,False,False
physio,ppg_isc,adaptation,non_adapted,semi_adapted,11,0.16618028956923822,0.10981406410831139,0.057477179979577665,19.0,0.240234375,0.19276144771045792,0.19276144771045792,0.32126907951742983,0.3706950917508806,1.0,1.0,False,False,False,False,False
physio,ppg_isc,adaptation,semi_adapted,fully_adapted,11,0.10981406410831139,0.10974685840398114,6.802553102847053e-05,32.0,0.9658203125,1.0,1.0,1.0,1.0,1.0,1.0,False,False,False,False,False
physio,ppg_isc,graph_nodes,6,12,10,0.05807924144078959,0.2903275601016729,-0.2407792599827193,20.0,0.4921875,0.22555488902219556,0.22555488902219556,0.37592481503699265,0.4027765875396349,1.0,1.0,False,False,False,False,False
physio,ppg_isc,question_level,1,2,11,0.06329371145181577,0.21846578608079797,-0.15866599724442376,20.0,0.2783203125,0.1921615676864627,0.1921615676864627,0.3309338132373525,0.3706950917508806,0.9608078384323135,1.0,False,False,False,False,False
