question_id,model,graph_image,file_name,number_of_nodes,question_level,visualisation_type,adaptation,question,device,ckpt,input_image,output_dir,saliency_npy,scanpath_npy,status,error,saliency_mean,saliency_std,saliency_max,saliency_min,saliency_skewness,saliency_kurtosis,saliency_entropy,saliency_center_bias,saliency_spread,fixation_count,fixation_duration_mean,fixation_duration_std,scanpath_length,scanpath_complexity,mean_saccade_mag,cognitive_load,info_processing_idx
1,sum,samples/6 node/6_nodes_S00002/no_caption/non_adapted.png,non_adapted.png,6,1,non_adapted,non_adapted,How many CYBER OBSERVABLE nodes are in the graph?,cuda:1,/data/gkoutr/BCI-RS/synthetic_eyetracking_works/non-priority/sum/SUM-main/net/pre_trained_weights/sum_model.pth,/data/gkoutr/synthetic_eye_sphynx/images/samples/6 node/6_nodes_S00002/no_caption/non_adapted.png,/data/gkoutr/synthetic_eye_sphynx/results/high_level/sum/outputs/q01_non_adapted,/data/gkoutr/synthetic_eye_sphynx/results/high_level/sum/outputs/q01_non_adapted/non_adapted_sum/non_adapted_sum_saliency.npy,,ok,,0.035574526432745376,0.08015019917167437,1.0,0.0,5.9875575899790565,46.50792837533434,14.426293708653745,0.3299148608647574,66.40361087023165,0,nan,nan,nan,nan,nan,nan,nan
2,sum,samples/6 node/6_nodes_S00005/no_caption/non_adapted.png,non_adapted.png,6,1,non_adapted,non_adapted,How many nodes have TLP:GREEN?,cuda:1,/data/gkoutr/BCI-RS/synthetic_eyetracking_works/non-priority/sum/SUM-main/net/pre_trained_weights/sum_model.pth,/data/gkoutr/synthetic_eye_sphynx/images/samples/6 node/6_nodes_S00005/no_caption/non_adapted.png,/data/gkoutr/synthetic_eye_sphynx/results/high_level/sum/outputs/q02_non_adapted,/data/gkoutr/synthetic_eye_sphynx/results/high_level/sum/outputs/q02_non_adapted/non_adapted_sum/non_adapted_sum_saliency.npy,,ok,,0.036790883215220116,0.07781095444149173,1.0,0.0,5.951940263947475,47.33992161388688,14.519853762123294,0.38209102195464295,71.35848293295506,0,nan,nan,nan,nan,nan,nan,nan
3,sum,samples/6 node/6_nodes_S00008/no_caption/non_adapted.png,non_adapted.png,6,1,non_adapted,non_adapted,Count the number of nodes with high connection counts (node size 7-10),cuda:1,/data/gkoutr/BCI-RS/synthetic_eyetracking_works/non-priority/sum/SUM-main/net/pre_trained_weights/sum_model.pth,/data/gkoutr/synthetic_eye_sphynx/images/samples/6 node/6_nodes_S00008/no_caption/non_adapted.png,/data/gkoutr/synthetic_eye_sphynx/results/high_level/sum/outputs/q03_non_adapted,/data/gkoutr/synthetic_eye_sphynx/results/high_level/sum/outputs/q03_non_adapted/non_adapted_sum/non_adapted_sum_saliency.npy,,ok,,0.04692441530443718,0.0893730106166915,1.0,0.0,4.852354540784515,31.84554834367121,14.642712214977127,0.3412004237821632,72.65080354389573,0,nan,nan,nan,nan,nan,nan,nan
4,sum,samples/6 node/6_nodes_S00014/no_caption/non_adapted.png,non_adapted.png,6,1,non_adapted,non_adapted,How many low confidence (confidence 1-3) edges exist in the graph?,cuda:1,/data/gkoutr/BCI-RS/synthetic_eyetracking_works/non-priority/sum/SUM-main/net/pre_trained_weights/sum_model.pth,/data/gkoutr/synthetic_eye_sphynx/images/samples/6 node/6_nodes_S00014/no_caption/non_adapted.png,/data/gkoutr/synthetic_eye_sphynx/results/high_level/sum/outputs/q04_non_adapted,/data/gkoutr/synthetic_eye_sphynx/results/high_level/sum/outputs/q04_non_adapted/non_adapted_sum/non_adapted_sum_saliency.npy,,ok,,0.06307566848111694,0.11730847996727724,1.0,0.0,3.0473240824820444,11.131817574139278,14.445812845193492,0.3457270344081606,62.94651830869642,0,nan,nan,nan,nan,nan,nan,nan
5,sum,samples/6 node/6_nodes_S00017/no_caption/non_adapted.png,non_adapted.png,6,2,non_adapted,non_adapted,Count the number of MALWARE nodes connected with at least 1 high confidence edge ( confidence 7-10).,cuda:1,/data/gkoutr/BCI-RS/synthetic_eyetracking_works/non-priority/sum/SUM-main/net/pre_trained_weights/sum_model.pth,/data/gkoutr/synthetic_eye_sphynx/images/samples/6 node/6_nodes_S00017/no_caption/non_adapted.png,/data/gkoutr/synthetic_eye_sphynx/results/high_level/sum/outputs/q05_non_adapted,/data/gkoutr/synthetic_eye_sphynx/results/high_level/sum/outputs/q05_non_adapted/non_adapted_sum/non_adapted_sum_saliency.npy,,ok,,0.062486306381422344,0.12396208056371279,1.0,0.0,3.6361793126683644,15.322059957016407,14.444276782653318,0.3340712812976708,69.64962061841263,0,nan,nan,nan,nan,nan,nan,nan
6,sum,samples/6 node/6_nodes_S00020/no_caption/non_adapted.png,non_adapted.png,6,2,non_adapted,non_adapted,Count the number of nodes with TLP:RED connected to at least 1 node with high connection count (node size 7-10).,cuda:1,/data/gkoutr/BCI-RS/synthetic_eyetracking_works/non-priority/sum/SUM-main/net/pre_trained_weights/sum_model.pth,/data/gkoutr/synthetic_eye_sphynx/images/samples/6 node/6_nodes_S00020/no_caption/non_adapted.png,/data/gkoutr/synthetic_eye_sphynx/results/high_level/sum/outputs/q06_non_adapted,/data/gkoutr/synthetic_eye_sphynx/results/high_level/sum/outputs/q06_non_adapted/non_adapted_sum/non_adapted_sum_saliency.npy,,ok,,0.04621773367148519,0.08940889273921869,1.0,0.0,4.6805088232600935,29.55945836319342,14.569494702502059,0.3579119373163828,67.3642028998152,0,nan,nan,nan,nan,nan,nan,nan
7,sum,samples/6 node/6_nodes_S00023/no_caption/non_adapted.png,non_adapted.png,6,2,non_adapted,non_adapted,Count the number of MALWARE nodes with high connection counts (node size 7-10),cuda:1,/data/gkoutr/BCI-RS/synthetic_eyetracking_works/non-priority/sum/SUM-main/net/pre_trained_weights/sum_model.pth,/data/gkoutr/synthetic_eye_sphynx/images/samples/6 node/6_nodes_S00023/no_caption/non_adapted.png,/data/gkoutr/synthetic_eye_sphynx/results/high_level/sum/outputs/q07_non_adapted,/data/gkoutr/synthetic_eye_sphynx/results/high_level/sum/outputs/q07_non_adapted/non_adapted_sum/non_adapted_sum_saliency.npy,,ok,,0.05053143319358418,0.10176797861899435,1.0,0.0,4.070501944083566,21.271217288146097,14.434440511452273,0.35286827443829,64.75900770724725,0,nan,nan,nan,nan,nan,nan,nan
8,sum,samples/6 node/6_nodes_S00026/no_caption/non_adapted.png,non_adapted.png,6,2,non_adapted,non_adapted,Count the number of ATTACK PATTERN nodes connected with at least 1 low confidence edge? (confidence of 1-3).,cuda:1,/data/gkoutr/BCI-RS/synthetic_eyetracking_works/non-priority/sum/SUM-main/net/pre_trained_weights/sum_model.pth,/data/gkoutr/synthetic_eye_sphynx/images/samples/6 node/6_nodes_S00026/no_caption/non_adapted.png,/data/gkoutr/synthetic_eye_sphynx/results/high_level/sum/outputs/q08_non_adapted,/data/gkoutr/synthetic_eye_sphynx/results/high_level/sum/outputs/q08_non_adapted/non_adapted_sum/non_adapted_sum_saliency.npy,,ok,,0.06092512973839442,0.10918347147108949,1.0,0.0,3.2391319960740033,14.124574809125011,14.525623655836084,0.3328319137443782,68.80812721254671,0,nan,nan,nan,nan,nan,nan,nan
9,sum,samples/6 node/6_nodes_S00065/no_caption/fully_adapted.png,fully_adapted.png,6,1,fully_adapted,fully_adapted,How many CYBER OBSERVABLE nodes are in the graph?,cuda:1,/data/gkoutr/BCI-RS/synthetic_eyetracking_works/non-priority/sum/SUM-main/net/pre_trained_weights/sum_model.pth,/data/gkoutr/synthetic_eye_sphynx/images/samples/6 node/6_nodes_S00065/no_caption/fully_adapted.png,/data/gkoutr/synthetic_eye_sphynx/results/high_level/sum/outputs/q09_fully_adapted,/data/gkoutr/synthetic_eye_sphynx/results/high_level/sum/outputs/q09_fully_adapted/fully_adapted_sum/fully_adapted_sum_saliency.npy,,ok,,0.054726613635334265,0.10513843350432282,1.0,0.0,3.6513095485773084,17.88595415842271,14.427264840474267,0.3881568914083099,66.80634814376539,0,nan,nan,nan,nan,nan,nan,nan
10,sum,samples/6 node/6_nodes_S00068/no_caption/fully_adapted.png,fully_adapted.png,6,1,fully_adapted,fully_adapted,How many nodes have TLP:GREEN?,cuda:1,/data/gkoutr/BCI-RS/synthetic_eyetracking_works/non-priority/sum/SUM-main/net/pre_trained_weights/sum_model.pth,/data/gkoutr/synthetic_eye_sphynx/images/samples/6 node/6_nodes_S00068/no_caption/fully_adapted.png,/data/gkoutr/synthetic_eye_sphynx/results/high_level/sum/outputs/q10_fully_adapted,/data/gkoutr/synthetic_eye_sphynx/results/high_level/sum/outputs/q10_fully_adapted/fully_adapted_sum/fully_adapted_sum_saliency.npy,,ok,,0.06020747739738024,0.10665575625386521,1.0,0.0,3.558155444978348,17.430572317529627,14.59103575281473,0.33999625218769197,62.90782033567331,0,nan,nan,nan,nan,nan,nan,nan
11,sum,samples/6 node/6_nodes_S00071/no_caption/fully_adapted.png,fully_adapted.png,6,1,fully_adapted,fully_adapted,Count the number of nodes with high connection counts (node size 7-10),cuda:1,/data/gkoutr/BCI-RS/synthetic_eyetracking_works/non-priority/sum/SUM-main/net/pre_trained_weights/sum_model.pth,/data/gkoutr/synthetic_eye_sphynx/images/samples/6 node/6_nodes_S00071/no_caption/fully_adapted.png,/data/gkoutr/synthetic_eye_sphynx/results/high_level/sum/outputs/q11_fully_adapted,/data/gkoutr/synthetic_eye_sphynx/results/high_level/sum/outputs/q11_fully_adapted/fully_adapted_sum/fully_adapted_sum_saliency.npy,,ok,,0.06343700994360836,0.11151934688179165,1.0,0.0,3.3481816791530696,14.19086367246523,14.607520752148679,0.33757201006291393,67.78709024378969,0,nan,nan,nan,nan,nan,nan,nan
12,sum,samples/6 node/6_nodes_S00074/no_caption/fully_adapted.png,fully_adapted.png,6,1,fully_adapted,fully_adapted,How many low confidence (confidence 1-3) edges exist in the graph?,cuda:1,/data/gkoutr/BCI-RS/synthetic_eyetracking_works/non-priority/sum/SUM-main/net/pre_trained_weights/sum_model.pth,/data/gkoutr/synthetic_eye_sphynx/images/samples/6 node/6_nodes_S00074/no_caption/fully_adapted.png,/data/gkoutr/synthetic_eye_sphynx/results/high_level/sum/outputs/q12_fully_adapted,/data/gkoutr/synthetic_eye_sphynx/results/high_level/sum/outputs/q12_fully_adapted/fully_adapted_sum/fully_adapted_sum_saliency.npy,,ok,,0.061282409225031,0.11502396253898017,1.0,0.0,3.743532541134957,16.867318374537508,14.54320225052718,0.39269147795576714,73.85961393675436,0,nan,nan,nan,nan,nan,nan,nan
13,sum,samples/6 node/6_nodes_S00077/no_caption/fully_adapted.png,fully_adapted.png,6,2,fully_adapted,fully_adapted,Count the number of MALWARE nodes connected with at least 1 high confidence edge ( confidence 7-10).,cuda:1,/data/gkoutr/BCI-RS/synthetic_eyetracking_works/non-priority/sum/SUM-main/net/pre_trained_weights/sum_model.pth,/data/gkoutr/synthetic_eye_sphynx/images/samples/6 node/6_nodes_S00077/no_caption/fully_adapted.png,/data/gkoutr/synthetic_eye_sphynx/results/high_level/sum/outputs/q13_fully_adapted,/data/gkoutr/synthetic_eye_sphynx/results/high_level/sum/outputs/q13_fully_adapted/fully_adapted_sum/fully_adapted_sum_saliency.npy,,ok,,0.07254132592778206,0.12153504117251898,1.0,0.0,2.6603426820944303,8.650424731365526,14.60930641915826,0.42974671466741454,72.50383907450204,0,nan,nan,nan,nan,nan,nan,nan
14,sum,samples/6 node/6_nodes_S00080/no_caption/fully_adapted.png,fully_adapted.png,6,2,fully_adapted,fully_adapted,Count the number of nodes with TLP:RED connected to at least 1 node with high connection count (node size 7-10).,cuda:1,/data/gkoutr/BCI-RS/synthetic_eyetracking_works/non-priority/sum/SUM-main/net/pre_trained_weights/sum_model.pth,/data/gkoutr/synthetic_eye_sphynx/images/samples/6 node/6_nodes_S00080/no_caption/fully_adapted.png,/data/gkoutr/synthetic_eye_sphynx/results/high_level/sum/outputs/q14_fully_adapted,/data/gkoutr/synthetic_eye_sphynx/results/high_level/sum/outputs/q14_fully_adapted/fully_adapted_sum/fully_adapted_sum_saliency.npy,,ok,,0.061199455379609094,0.11724004535914766,1.0,0.0,3.5603575572181927,15.024910753548113,14.485472952998435,0.32009966298137,65.80691781850602,0,nan,nan,nan,nan,nan,nan,nan
15,sum,samples/6 node/6_nodes_S00083/no_caption/fully_adapted.png,fully_adapted.png,6,2,fully_adapted,fully_adapted,Count the number of MALWARE nodes with high connection counts (node size 7-10),cuda:1,/data/gkoutr/BCI-RS/synthetic_eyetracking_works/non-priority/sum/SUM-main/net/pre_trained_weights/sum_model.pth,/data/gkoutr/synthetic_eye_sphynx/images/samples/6 node/6_nodes_S00083/no_caption/fully_adapted.png,/data/gkoutr/synthetic_eye_sphynx/results/high_level/sum/outputs/q15_fully_adapted,/data/gkoutr/synthetic_eye_sphynx/results/high_level/sum/outputs/q15_fully_adapted/fully_adapted_sum/fully_adapted_sum_saliency.npy,,ok,,0.06949060888182865,0.11977506413587416,1.0,0.0,2.836510705903925,10.008022751424036,14.57302501276539,0.3569710949743982,69.20604398846596,0,nan,nan,nan,nan,nan,nan,nan
16,sum,samples/6 node/6_nodes_S00086/no_caption/fully_adapted.png,fully_adapted.png,6,2,fully_adapted,fully_adapted,Count the number of ATTACK PATTERN nodes connected with at least 1 low confidence edge? (confidence of 1-3).,cuda:1,/data/gkoutr/BCI-RS/synthetic_eyetracking_works/non-priority/sum/SUM-main/net/pre_trained_weights/sum_model.pth,/data/gkoutr/synthetic_eye_sphynx/images/samples/6 node/6_nodes_S00086/no_caption/fully_adapted.png,/data/gkoutr/synthetic_eye_sphynx/results/high_level/sum/outputs/q16_fully_adapted,/data/gkoutr/synthetic_eye_sphynx/results/high_level/sum/outputs/q16_fully_adapted/fully_adapted_sum/fully_adapted_sum_saliency.npy,,ok,,0.058426586213393084,0.10734130696573754,1.0,0.0,3.7886266095308616,18.846061044477196,14.595044947955557,0.369294452391481,63.46566412738411,0,nan,nan,nan,nan,nan,nan,nan
17,sum,samples/6 node/6_nodes_S00125/no_caption/nodes_shape_tlp.png,nodes_shape_tlp.png,6,1,shape_nodes,semi_adapted,How many CYBER OBSERVABLE nodes are in the graph?,cuda:1,/data/gkoutr/BCI-RS/synthetic_eyetracking_works/non-priority/sum/SUM-main/net/pre_trained_weights/sum_model.pth,/data/gkoutr/synthetic_eye_sphynx/images/samples/6 node/6_nodes_S00125/no_caption/nodes_shape_tlp.png,/data/gkoutr/synthetic_eye_sphynx/results/high_level/sum/outputs/q17_nodes_shape_tlp,/data/gkoutr/synthetic_eye_sphynx/results/high_level/sum/outputs/q17_nodes_shape_tlp/nodes_shape_tlp_sum/nodes_shape_tlp_sum_saliency.npy,,ok,,0.07614840208385992,0.1438350911622386,1.0,0.0,2.649446812281357,7.318509224186037,14.3172895231768,0.36940104471271273,64.83380796163186,0,nan,nan,nan,nan,nan,nan,nan
18,sum,samples/6 node/6_nodes_S00128/no_caption/nodes_color_type.png,nodes_color_type.png,6,1,color_nodes,semi_adapted,How many nodes have TLP:GREEN?,cuda:1,/data/gkoutr/BCI-RS/synthetic_eyetracking_works/non-priority/sum/SUM-main/net/pre_trained_weights/sum_model.pth,/data/gkoutr/synthetic_eye_sphynx/images/samples/6 node/6_nodes_S00128/no_caption/nodes_color_type.png,/data/gkoutr/synthetic_eye_sphynx/results/high_level/sum/outputs/q18_nodes_color_type,/data/gkoutr/synthetic_eye_sphynx/results/high_level/sum/outputs/q18_nodes_color_type/nodes_color_type_sum/nodes_color_type_sum_saliency.npy,,ok,,0.06491613273839422,0.12055969836377683,1.0,0.0,3.165052706958324,12.11721102318561,14.450013778595913,0.362882887506047,73.06543839592364,0,nan,nan,nan,nan,nan,nan,nan
19,sum,samples/6 node/6_nodes_S00131/no_caption/nodes_size_value.png,nodes_size_value.png,6,1,size_nodes,semi_adapted,Count the number of nodes with high connection counts (node size 7-10),cuda:1,/data/gkoutr/BCI-RS/synthetic_eyetracking_works/non-priority/sum/SUM-main/net/pre_trained_weights/sum_model.pth,/data/gkoutr/synthetic_eye_sphynx/images/samples/6 node/6_nodes_S00131/no_caption/nodes_size_value.png,/data/gkoutr/synthetic_eye_sphynx/results/high_level/sum/outputs/q19_nodes_size_value,/data/gkoutr/synthetic_eye_sphynx/results/high_level/sum/outputs/q19_nodes_size_value/nodes_size_value_sum/nodes_size_value_sum_saliency.npy,,ok,,0.04347228342722094,0.09098071064126555,1.0,0.0,4.681883487803642,29.164083038198555,14.40043491454816,0.3511799444496071,63.70442531294124,0,nan,nan,nan,nan,nan,nan,nan
20,sum,samples/6 node/6_nodes_S00134/no_caption/edge_width_connection_number.png,edge_width_connection_number.png,6,1,edge_width,semi_adapted,How many low confidence (confidence 1-3) edges exist in the graph?,cuda:1,/data/gkoutr/BCI-RS/synthetic_eyetracking_works/non-priority/sum/SUM-main/net/pre_trained_weights/sum_model.pth,/data/gkoutr/synthetic_eye_sphynx/images/samples/6 node/6_nodes_S00134/no_caption/edge_width_connection_number.png,/data/gkoutr/synthetic_eye_sphynx/results/high_level/sum/outputs/q20_edge_width_connection_number,/data/gkoutr/synthetic_eye_sphynx/results/high_level/sum/outputs/q20_edge_width_connection_number/edge_width_connection_number_sum/edge_width_connection_number_sum_saliency.npy,,ok,,0.05500172578348042,0.10339386188790713,1.0,0.0,3.798085477581001,19.13979941502534,14.527249947612617,0.36585444035640186,68.05255551207995,0,nan,nan,nan,nan,nan,nan,nan
21,sum,samples/6 node/6_nodes_S00137/no_caption/nodes_shape_tlp.png,nodes_shape_tlp.png,6,2,shape_nodes,semi_adapted,Count the number of MALWARE nodes connected with at least 1 high confidence edge ( confidence 7-10).,cuda:1,/data/gkoutr/BCI-RS/synthetic_eyetracking_works/non-priority/sum/SUM-main/net/pre_trained_weights/sum_model.pth,/data/gkoutr/synthetic_eye_sphynx/images/samples/6 node/6_nodes_S00137/no_caption/nodes_shape_tlp.png,/data/gkoutr/synthetic_eye_sphynx/results/high_level/sum/outputs/q21_nodes_shape_tlp,/data/gkoutr/synthetic_eye_sphynx/results/high_level/sum/outputs/q21_nodes_shape_tlp/nodes_shape_tlp_sum/nodes_shape_tlp_sum_saliency.npy,,ok,,0.034467578211614135,0.07685926583151423,1.0,0.0,6.247065489600335,50.52745238479526,14.48076442598786,0.32790586563273194,68.22844007270955,0,nan,nan,nan,nan,nan,nan,nan
22,sum,samples/6 node/6_nodes_S00140/no_caption/nodes_color_type.png,nodes_color_type.png,6,2,color_nodes,semi_adapted,Count the number of nodes with TLP:RED connected to at least 1 node with high connection count (node size 7-10).,cuda:1,/data/gkoutr/BCI-RS/synthetic_eyetracking_works/non-priority/sum/SUM-main/net/pre_trained_weights/sum_model.pth,/data/gkoutr/synthetic_eye_sphynx/images/samples/6 node/6_nodes_S00140/no_caption/nodes_color_type.png,/data/gkoutr/synthetic_eye_sphynx/results/high_level/sum/outputs/q22_nodes_color_type,/data/gkoutr/synthetic_eye_sphynx/results/high_level/sum/outputs/q22_nodes_color_type/nodes_color_type_sum/nodes_color_type_sum_saliency.npy,,ok,,0.04707620639016451,0.08854518810819281,1.0,0.0,4.32321667722555,25.825284756075543,14.58608081803352,0.40485939930202003,69.65504166115409,0,nan,nan,nan,nan,nan,nan,nan
23,sum,samples/6 node/6_nodes_S00143/no_caption/nodes_size_value.png,nodes_size_value.png,6,2,size_nodes,semi_adapted,Count the number of MALWARE nodes with high connection counts (node size 7-10),cuda:1,/data/gkoutr/BCI-RS/synthetic_eyetracking_works/non-priority/sum/SUM-main/net/pre_trained_weights/sum_model.pth,/data/gkoutr/synthetic_eye_sphynx/images/samples/6 node/6_nodes_S00143/no_caption/nodes_size_value.png,/data/gkoutr/synthetic_eye_sphynx/results/high_level/sum/outputs/q23_nodes_size_value,/data/gkoutr/synthetic_eye_sphynx/results/high_level/sum/outputs/q23_nodes_size_value/nodes_size_value_sum/nodes_size_value_sum_saliency.npy,,ok,,0.05935513296361875,0.1244249826130132,1.0,0.0,3.5896445676683104,14.865660717176379,14.261160223640655,0.3547780822206671,67.67361942039976,0,nan,nan,nan,nan,nan,nan,nan
24,sum,samples/6 node/6_nodes_S00146/no_caption/edge_width_connection_number.png,edge_width_connection_number.png,6,2,edge_width,semi_adapted,Count the number of ATTACK PATTERN nodes connected with at least 1 low confidence edge? (confidence of 1-3).,cuda:1,/data/gkoutr/BCI-RS/synthetic_eyetracking_works/non-priority/sum/SUM-main/net/pre_trained_weights/sum_model.pth,/data/gkoutr/synthetic_eye_sphynx/images/samples/6 node/6_nodes_S00146/no_caption/edge_width_connection_number.png,/data/gkoutr/synthetic_eye_sphynx/results/high_level/sum/outputs/q24_edge_width_connection_number,/data/gkoutr/synthetic_eye_sphynx/results/high_level/sum/outputs/q24_edge_width_connection_number/edge_width_connection_number_sum/edge_width_connection_number_sum_saliency.npy,,ok,,0.04021639426770105,0.08890056418259258,1.0,0.0,4.675219367944889,29.680245098547566,14.220955284149582,0.3210589051085791,62.61529854142116,0,nan,nan,nan,nan,nan,nan,nan
25,sum,samples/12 node/12_nodes_S00003/no_caption/non_adapted.png,non_adapted.png,12,1,non_adapted,non_adapted,How many CYBER OBSERVABLE nodes are in the graph?,cuda:1,/data/gkoutr/BCI-RS/synthetic_eyetracking_works/non-priority/sum/SUM-main/net/pre_trained_weights/sum_model.pth,/data/gkoutr/synthetic_eye_sphynx/images/samples/12 node/12_nodes_S00003/no_caption/non_adapted.png,/data/gkoutr/synthetic_eye_sphynx/results/high_level/sum/outputs/q25_non_adapted,/data/gkoutr/synthetic_eye_sphynx/results/high_level/sum/outputs/q25_non_adapted/non_adapted_sum/non_adapted_sum_saliency.npy,,ok,,0.05825184673128005,0.11358861501210987,1.0,0.0,3.697479379066583,16.673951088248337,14.438393186960536,0.318197977940074,61.805136441286464,0,nan,nan,nan,nan,nan,nan,nan
26,sum,samples/12 node/12_nodes_S00006/no_caption/non_adapted.png,non_adapted.png,12,1,non_adapted,non_adapted,How many nodes have TLP:GREEN?,cuda:1,/data/gkoutr/BCI-RS/synthetic_eyetracking_works/non-priority/sum/SUM-main/net/pre_trained_weights/sum_model.pth,/data/gkoutr/synthetic_eye_sphynx/images/samples/12 node/12_nodes_S00006/no_caption/non_adapted.png,/data/gkoutr/synthetic_eye_sphynx/results/high_level/sum/outputs/q26_non_adapted,/data/gkoutr/synthetic_eye_sphynx/results/high_level/sum/outputs/q26_non_adapted/non_adapted_sum/non_adapted_sum_saliency.npy,,ok,,0.04310121446033816,0.09131225457680342,1.0,0.0,4.490010585973847,26.63979590503387,14.342214587889247,0.3027936947772137,56.75791897554533,0,nan,nan,nan,nan,nan,nan,nan
27,sum,samples/12 node/12_nodes_S00009/no_caption/non_adapted.png,non_adapted.png,12,1,non_adapted,non_adapted,Count the number of nodes with high connection counts (node size 7-10),cuda:1,/data/gkoutr/BCI-RS/synthetic_eyetracking_works/non-priority/sum/SUM-main/net/pre_trained_weights/sum_model.pth,/data/gkoutr/synthetic_eye_sphynx/images/samples/12 node/12_nodes_S00009/no_caption/non_adapted.png,/data/gkoutr/synthetic_eye_sphynx/results/high_level/sum/outputs/q27_non_adapted,/data/gkoutr/synthetic_eye_sphynx/results/high_level/sum/outputs/q27_non_adapted/non_adapted_sum/non_adapted_sum_saliency.npy,,ok,,0.05210790919911866,0.1113559548610717,1.0,0.0,4.036548168829211,19.525850452583366,14.29547593846392,0.29191973675319727,58.24668137894687,0,nan,nan,nan,nan,nan,nan,nan
28,sum,samples/12 node/12_nodes_S00012/no_caption/non_adapted.png,non_adapted.png,12,1,non_adapted,non_adapted,How many low confidence (confidence 1-3) edges exist in the graph?,cuda:1,/data/gkoutr/BCI-RS/synthetic_eyetracking_works/non-priority/sum/SUM-main/net/pre_trained_weights/sum_model.pth,/data/gkoutr/synthetic_eye_sphynx/images/samples/12 node/12_nodes_S00012/no_caption/non_adapted.png,/data/gkoutr/synthetic_eye_sphynx/results/high_level/sum/outputs/q28_non_adapted,/data/gkoutr/synthetic_eye_sphynx/results/high_level/sum/outputs/q28_non_adapted/non_adapted_sum/non_adapted_sum_saliency.npy,,ok,,0.053077542126022684,0.11450154740927306,1.0,0.0,4.202228927387527,21.097892822713774,14.292722301548089,0.3521998106826497,57.17303404341529,0,nan,nan,nan,nan,nan,nan,nan
29,sum,samples/12 node/12_nodes_S00015/no_caption/non_adapted.png,non_adapted.png,12,2,non_adapted,non_adapted,Count the number of MALWARE nodes connected with at least 1 high confidence edge ( confidence 7-10).,cuda:1,/data/gkoutr/BCI-RS/synthetic_eyetracking_works/non-priority/sum/SUM-main/net/pre_trained_weights/sum_model.pth,/data/gkoutr/synthetic_eye_sphynx/images/samples/12 node/12_nodes_S00015/no_caption/non_adapted.png,/data/gkoutr/synthetic_eye_sphynx/results/high_level/sum/outputs/q29_non_adapted,/data/gkoutr/synthetic_eye_sphynx/results/high_level/sum/outputs/q29_non_adapted/non_adapted_sum/non_adapted_sum_saliency.npy,,ok,,0.04289778222039492,0.09773121885487483,1.0,0.0,4.767203555887857,27.979436263402945,14.2527549156116,0.30736950092450654,53.00088570952982,0,nan,nan,nan,nan,nan,nan,nan
30,sum,samples/12 node/12_nodes_S00018/no_caption/non_adapted.png,non_adapted.png,12,2,non_adapted,non_adapted,Count the number of nodes with TLP:RED connected to at least 1 node with high connection count (node size 7-10).,cuda:1,/data/gkoutr/BCI-RS/synthetic_eyetracking_works/non-priority/sum/SUM-main/net/pre_trained_weights/sum_model.pth,/data/gkoutr/synthetic_eye_sphynx/images/samples/12 node/12_nodes_S00018/no_caption/non_adapted.png,/data/gkoutr/synthetic_eye_sphynx/results/high_level/sum/outputs/q30_non_adapted,/data/gkoutr/synthetic_eye_sphynx/results/high_level/sum/outputs/q30_non_adapted/non_adapted_sum/non_adapted_sum_saliency.npy,,ok,,0.04553532623392673,0.10932110501004087,1.0,0.0,4.134695927725227,19.757263934307403,14.013708421300432,0.2906029967704029,55.679135244686094,0,nan,nan,nan,nan,nan,nan,nan
31,sum,samples/12 node/12_nodes_S00024/no_caption/non_adapted.png,non_adapted.png,12,2,non_adapted,non_adapted,Count the number of MALWARE nodes with high connection counts (node size 7-10),cuda:1,/data/gkoutr/BCI-RS/synthetic_eyetracking_works/non-priority/sum/SUM-main/net/pre_trained_weights/sum_model.pth,/data/gkoutr/synthetic_eye_sphynx/images/samples/12 node/12_nodes_S00024/no_caption/non_adapted.png,/data/gkoutr/synthetic_eye_sphynx/results/high_level/sum/outputs/q31_non_adapted,/data/gkoutr/synthetic_eye_sphynx/results/high_level/sum/outputs/q31_non_adapted/non_adapted_sum/non_adapted_sum_saliency.npy,,ok,,0.03769659140346305,0.09301749379828785,1.0,0.0,5.24650736879703,33.703338547517674,14.140134440295483,0.26914637322038965,54.681875696640475,0,nan,nan,nan,nan,nan,nan,nan
32,sum,samples/12 node/12_nodes_S00027/no_caption/non_adapted.png,non_adapted.png,12,2,non_adapted,non_adapted,Count the number of ATTACK PATTERN nodes connected with at least 1 low confidence edge? (confidence of 1-3).,cuda:1,/data/gkoutr/BCI-RS/synthetic_eyetracking_works/non-priority/sum/SUM-main/net/pre_trained_weights/sum_model.pth,/data/gkoutr/synthetic_eye_sphynx/images/samples/12 node/12_nodes_S00027/no_caption/non_adapted.png,/data/gkoutr/synthetic_eye_sphynx/results/high_level/sum/outputs/q32_non_adapted,/data/gkoutr/synthetic_eye_sphynx/results/high_level/sum/outputs/q32_non_adapted/non_adapted_sum/non_adapted_sum_saliency.npy,,ok,,0.05321729169462455,0.12051334173574053,1.0,0.0,3.9915538891630042,18.197378301799336,14.147055184334137,0.27904132172771295,53.67029171488188,0,nan,nan,nan,nan,nan,nan,nan
33,sum,samples/12 node/12_nodes_S00072/no_caption/fully_adapted.png,fully_adapted.png,12,1,fully_adapted,fully_adapted,How many CYBER OBSERVABLE nodes are in the graph?,cuda:1,/data/gkoutr/BCI-RS/synthetic_eyetracking_works/non-priority/sum/SUM-main/net/pre_trained_weights/sum_model.pth,/data/gkoutr/synthetic_eye_sphynx/images/samples/12 node/12_nodes_S00072/no_caption/fully_adapted.png,/data/gkoutr/synthetic_eye_sphynx/results/high_level/sum/outputs/q33_fully_adapted,/data/gkoutr/synthetic_eye_sphynx/results/high_level/sum/outputs/q33_fully_adapted/fully_adapted_sum/fully_adapted_sum_saliency.npy,,ok,,0.07565209207162937,0.1373753666687115,1.0,0.0,2.7227788324164752,8.352326637058862,14.424758283977548,0.2895852911107968,59.93089233974707,0,nan,nan,nan,nan,nan,nan,nan
34,sum,samples/12 node/12_nodes_S00075/no_caption/fully_adapted.png,fully_adapted.png,12,1,fully_adapted,fully_adapted,How many nodes have TLP:GREEN?,cuda:1,/data/gkoutr/BCI-RS/synthetic_eyetracking_works/non-priority/sum/SUM-main/net/pre_trained_weights/sum_model.pth,/data/gkoutr/synthetic_eye_sphynx/images/samples/12 node/12_nodes_S00075/no_caption/fully_adapted.png,/data/gkoutr/synthetic_eye_sphynx/results/high_level/sum/outputs/q34_fully_adapted,/data/gkoutr/synthetic_eye_sphynx/results/high_level/sum/outputs/q34_fully_adapted/fully_adapted_sum/fully_adapted_sum_saliency.npy,,ok,,0.06456573388424243,0.12551608119667637,1.0,0.0,3.314092303534026,13.260395948720209,14.377158571014869,0.2943796030582164,56.5068498579975,0,nan,nan,nan,nan,nan,nan,nan
35,sum,samples/12 node/12_nodes_S00081/no_caption/fully_adapted.png,fully_adapted.png,12,1,fully_adapted,fully_adapted,Count the number of nodes with high connection counts (node size 7-10),cuda:1,/data/gkoutr/BCI-RS/synthetic_eyetracking_works/non-priority/sum/SUM-main/net/pre_trained_weights/sum_model.pth,/data/gkoutr/synthetic_eye_sphynx/images/samples/12 node/12_nodes_S00081/no_caption/fully_adapted.png,/data/gkoutr/synthetic_eye_sphynx/results/high_level/sum/outputs/q35_fully_adapted,/data/gkoutr/synthetic_eye_sphynx/results/high_level/sum/outputs/q35_fully_adapted/fully_adapted_sum/fully_adapted_sum_saliency.npy,,ok,,0.047552626863092556,0.10317754038997798,1.0,0.0,4.21634745952856,21.972268677508502,14.271902739697717,0.3188143609496998,54.22743879653375,0,nan,nan,nan,nan,nan,nan,nan
36,sum,samples/12 node/12_nodes_S00084/no_caption/fully_adapted.png,fully_adapted.png,12,1,fully_adapted,fully_adapted,How many low confidence (confidence 1-3) edges exist in the graph?,cuda:1,/data/gkoutr/BCI-RS/synthetic_eyetracking_works/non-priority/sum/SUM-main/net/pre_trained_weights/sum_model.pth,/data/gkoutr/synthetic_eye_sphynx/images/samples/12 node/12_nodes_S00084/no_caption/fully_adapted.png,/data/gkoutr/synthetic_eye_sphynx/results/high_level/sum/outputs/q36_fully_adapted,/data/gkoutr/synthetic_eye_sphynx/results/high_level/sum/outputs/q36_fully_adapted/fully_adapted_sum/fully_adapted_sum_saliency.npy,,ok,,0.06555050828780258,0.12548152449845967,1.0,0.0,3.486161619264105,14.258401024562602,14.46860932298809,0.35321900542577017,59.288213821266105,0,nan,nan,nan,nan,nan,nan,nan
37,sum,samples/12 node/12_nodes_S00087/no_caption/fully_adapted.png,fully_adapted.png,12,2,fully_adapted,fully_adapted,Count the number of MALWARE nodes connected with at least 1 high confidence edge ( confidence 7-10).,cuda:1,/data/gkoutr/BCI-RS/synthetic_eyetracking_works/non-priority/sum/SUM-main/net/pre_trained_weights/sum_model.pth,/data/gkoutr/synthetic_eye_sphynx/images/samples/12 node/12_nodes_S00087/no_caption/fully_adapted.png,/data/gkoutr/synthetic_eye_sphynx/results/high_level/sum/outputs/q37_fully_adapted,/data/gkoutr/synthetic_eye_sphynx/results/high_level/sum/outputs/q37_fully_adapted/fully_adapted_sum/fully_adapted_sum_saliency.npy,,ok,,0.058028874116585555,0.11955450306016206,1.0,0.0,3.4599527184594248,14.538817621294921,14.227242617243851,0.3125379583361859,58.25594272884158,0,nan,nan,nan,nan,nan,nan,nan
38,sum,samples/12 node/12_nodes_S00090/no_caption/fully_adapted.png,fully_adapted.png,12,2,fully_adapted,fully_adapted,Count the number of nodes with TLP:RED connected to at least 1 node with high connection count (node size 7-10).,cuda:1,/data/gkoutr/BCI-RS/synthetic_eyetracking_works/non-priority/sum/SUM-main/net/pre_trained_weights/sum_model.pth,/data/gkoutr/synthetic_eye_sphynx/images/samples/12 node/12_nodes_S00090/no_caption/fully_adapted.png,/data/gkoutr/synthetic_eye_sphynx/results/high_level/sum/outputs/q38_fully_adapted,/data/gkoutr/synthetic_eye_sphynx/results/high_level/sum/outputs/q38_fully_adapted/fully_adapted_sum/fully_adapted_sum_saliency.npy,,ok,,0.04376708600379073,0.10447916409325,1.0,0.0,4.2575650903949525,21.230496822711594,14.061401494613404,0.264170146107455,55.05716024855615,0,nan,nan,nan,nan,nan,nan,nan
39,sum,samples/12 node/12_nodes_S00093/no_caption/fully_adapted.png,fully_adapted.png,12,2,fully_adapted,fully_adapted,Count the number of MALWARE nodes with high connection counts (node size 7-10),cuda:1,/data/gkoutr/BCI-RS/synthetic_eyetracking_works/non-priority/sum/SUM-main/net/pre_trained_weights/sum_model.pth,/data/gkoutr/synthetic_eye_sphynx/images/samples/12 node/12_nodes_S00093/no_caption/fully_adapted.png,/data/gkoutr/synthetic_eye_sphynx/results/high_level/sum/outputs/q39_fully_adapted,/data/gkoutr/synthetic_eye_sphynx/results/high_level/sum/outputs/q39_fully_adapted/fully_adapted_sum/fully_adapted_sum_saliency.npy,,ok,,0.04612703013955766,0.10483686005200019,1.0,0.0,4.156976443465027,21.201900379353496,14.115961427865976,0.30162361394504417,58.00607843723908,0,nan,nan,nan,nan,nan,nan,nan
40,sum,samples/12 node/12_nodes_S00096/no_caption/fully_adapted.png,fully_adapted.png,12,2,fully_adapted,fully_adapted,Count the number of ATTACK PATTERN nodes connected with at least 1 low confidence edge? (confidence of 1-3).,cuda:1,/data/gkoutr/BCI-RS/synthetic_eyetracking_works/non-priority/sum/SUM-main/net/pre_trained_weights/sum_model.pth,/data/gkoutr/synthetic_eye_sphynx/images/samples/12 node/12_nodes_S00096/no_caption/fully_adapted.png,/data/gkoutr/synthetic_eye_sphynx/results/high_level/sum/outputs/q40_fully_adapted,/data/gkoutr/synthetic_eye_sphynx/results/high_level/sum/outputs/q40_fully_adapted/fully_adapted_sum/fully_adapted_sum_saliency.npy,,ok,,0.04934375150227867,0.10096678849446727,1.0,0.0,4.321421721982642,24.508252632308253,14.37915259378102,0.3566823681707476,59.13293403818241,0,nan,nan,nan,nan,nan,nan,nan
41,sum,samples/12 node/12_nodes_S00135/no_caption/nodes_shape_tlp.png,nodes_shape_tlp.png,12,1,shape_nodes,semi_adapted,How many CYBER OBSERVABLE nodes are in the graph?,cuda:1,/data/gkoutr/BCI-RS/synthetic_eyetracking_works/non-priority/sum/SUM-main/net/pre_trained_weights/sum_model.pth,/data/gkoutr/synthetic_eye_sphynx/images/samples/12 node/12_nodes_S00135/no_caption/nodes_shape_tlp.png,/data/gkoutr/synthetic_eye_sphynx/results/high_level/sum/outputs/q41_nodes_shape_tlp,/data/gkoutr/synthetic_eye_sphynx/results/high_level/sum/outputs/q41_nodes_shape_tlp/nodes_shape_tlp_sum/nodes_shape_tlp_sum_saliency.npy,,ok,,0.04126621410091942,0.10266916241705808,1.0,0.0,4.7692209658677545,27.359543626168545,13.996763406658188,0.29468024872082627,53.68063636030827,0,nan,nan,nan,nan,nan,nan,nan
42,sum,samples/12 node/12_nodes_S00138/no_caption/nodes_color_type.png,nodes_color_type.png,12,1,color_nodes,semi_adapted,How many nodes have TLP:GREEN?,cuda:1,/data/gkoutr/BCI-RS/synthetic_eyetracking_works/non-priority/sum/SUM-main/net/pre_trained_weights/sum_model.pth,/data/gkoutr/synthetic_eye_sphynx/images/samples/12 node/12_nodes_S00138/no_caption/nodes_color_type.png,/data/gkoutr/synthetic_eye_sphynx/results/high_level/sum/outputs/q42_nodes_color_type,/data/gkoutr/synthetic_eye_sphynx/results/high_level/sum/outputs/q42_nodes_color_type/nodes_color_type_sum/nodes_color_type_sum_saliency.npy,,ok,,0.050853210471212607,0.11324558106159743,1.0,0.0,3.74721119592943,16.153922286962086,14.147512813187328,0.3182332136008114,62.99010243291863,0,nan,nan,nan,nan,nan,nan,nan
43,sum,samples/12 node/12_nodes_S00141/no_caption/nodes_size_value.png,nodes_size_value.png,12,1,size_nodes,semi_adapted,Count the number of nodes with high connection counts (node size 7-10),cuda:1,/data/gkoutr/BCI-RS/synthetic_eyetracking_works/non-priority/sum/SUM-main/net/pre_trained_weights/sum_model.pth,/data/gkoutr/synthetic_eye_sphynx/images/samples/12 node/12_nodes_S00141/no_caption/nodes_size_value.png,/data/gkoutr/synthetic_eye_sphynx/results/high_level/sum/outputs/q43_nodes_size_value,/data/gkoutr/synthetic_eye_sphynx/results/high_level/sum/outputs/q43_nodes_size_value/nodes_size_value_sum/nodes_size_value_sum_saliency.npy,,ok,,0.04830870965055654,0.1196764624895285,1.0,0.0,4.462912003102975,22.85692086789856,13.989103968457249,0.32126671120142536,51.311568144186054,0,nan,nan,nan,nan,nan,nan,nan
44,sum,samples/12 node/12_nodes_S00144/no_caption/edge_width_connection_number.png,edge_width_connection_number.png,12,1,edge_width,semi_adapted,How many low confidence (confidence 1-3) edges exist in the graph?,cuda:1,/data/gkoutr/BCI-RS/synthetic_eyetracking_works/non-priority/sum/SUM-main/net/pre_trained_weights/sum_model.pth,/data/gkoutr/synthetic_eye_sphynx/images/samples/12 node/12_nodes_S00144/no_caption/edge_width_connection_number.png,/data/gkoutr/synthetic_eye_sphynx/results/high_level/sum/outputs/q44_edge_width_connection_number,/data/gkoutr/synthetic_eye_sphynx/results/high_level/sum/outputs/q44_edge_width_connection_number/edge_width_connection_number_sum/edge_width_connection_number_sum_saliency.npy,,ok,,0.046238032693351694,0.1035100562272496,1.0,0.0,4.1310361681951395,20.80178622742105,14.16448838128256,0.28849800431952166,54.76914992050156,0,nan,nan,nan,nan,nan,nan,nan
45,sum,samples/12 node/12_nodes_S00147/no_caption/nodes_shape_tlp.png,nodes_shape_tlp.png,12,2,shape_nodes,semi_adapted,Count the number of MALWARE nodes connected with at least 1 high confidence edge ( confidence 7-10).,cuda:1,/data/gkoutr/BCI-RS/synthetic_eyetracking_works/non-priority/sum/SUM-main/net/pre_trained_weights/sum_model.pth,/data/gkoutr/synthetic_eye_sphynx/images/samples/12 node/12_nodes_S00147/no_caption/nodes_shape_tlp.png,/data/gkoutr/synthetic_eye_sphynx/results/high_level/sum/outputs/q45_nodes_shape_tlp,/data/gkoutr/synthetic_eye_sphynx/results/high_level/sum/outputs/q45_nodes_shape_tlp/nodes_shape_tlp_sum/nodes_shape_tlp_sum_saliency.npy,,ok,,0.051652099764865,0.1163866511270739,1.0,0.0,3.8983596421369895,18.080592480979725,14.09092458488479,0.29439794857314466,56.78912560563847,0,nan,nan,nan,nan,nan,nan,nan
46,sum,samples/12 node/12_nodes_S00150/no_caption/nodes_color_type.png,nodes_color_type.png,12,2,color_nodes,semi_adapted,Count the number of nodes with TLP:RED connected to at least 1 node with high connection count (node size 7-10).,cuda:1,/data/gkoutr/BCI-RS/synthetic_eyetracking_works/non-priority/sum/SUM-main/net/pre_trained_weights/sum_model.pth,/data/gkoutr/synthetic_eye_sphynx/images/samples/12 node/12_nodes_S00150/no_caption/nodes_color_type.png,/data/gkoutr/synthetic_eye_sphynx/results/high_level/sum/outputs/q46_nodes_color_type,/data/gkoutr/synthetic_eye_sphynx/results/high_level/sum/outputs/q46_nodes_color_type/nodes_color_type_sum/nodes_color_type_sum_saliency.npy,,ok,,0.102114881503591,0.15245922640913606,1.0,0.0,2.2436961420330546,5.224068186602521,14.806081747177831,0.37846950622089,72.21596841457016,0,nan,nan,nan,nan,nan,nan,nan
47,sum,samples/12 node/12_nodes_S00153/no_caption/nodes_size_value.png,nodes_size_value.png,12,2,size_nodes,semi_adapted,Count the number of MALWARE nodes with high connection counts (node size 7-10),cuda:1,/data/gkoutr/BCI-RS/synthetic_eyetracking_works/non-priority/sum/SUM-main/net/pre_trained_weights/sum_model.pth,/data/gkoutr/synthetic_eye_sphynx/images/samples/12 node/12_nodes_S00153/no_caption/nodes_size_value.png,/data/gkoutr/synthetic_eye_sphynx/results/high_level/sum/outputs/q47_nodes_size_value,/data/gkoutr/synthetic_eye_sphynx/results/high_level/sum/outputs/q47_nodes_size_value/nodes_size_value_sum/nodes_size_value_sum_saliency.npy,,ok,,0.05541844245596383,0.12428032993047121,1.0,0.0,3.7683310427327057,16.22002195256638,14.131128841052215,0.28478143715580384,53.7722261508626,0,nan,nan,nan,nan,nan,nan,nan
48,sum,samples/12 node/12_nodes_S00156/no_caption/edge_width_connection_number.png,edge_width_connection_number.png,12,2,edge_width,semi_adapted,Count the number of ATTACK PATTERN nodes connected with at least 1 low confidence edge? (confidence of 1-3).,cuda:1,/data/gkoutr/BCI-RS/synthetic_eyetracking_works/non-priority/sum/SUM-main/net/pre_trained_weights/sum_model.pth,/data/gkoutr/synthetic_eye_sphynx/images/samples/12 node/12_nodes_S00156/no_caption/edge_width_connection_number.png,/data/gkoutr/synthetic_eye_sphynx/results/high_level/sum/outputs/q48_edge_width_connection_number,/data/gkoutr/synthetic_eye_sphynx/results/high_level/sum/outputs/q48_edge_width_connection_number/edge_width_connection_number_sum/edge_width_connection_number_sum_saliency.npy,,ok,,0.048397487938067335,0.11009814585333964,1.0,0.0,4.140500120010205,20.174095590148305,14.147891690673784,0.3130994770919082,54.329090263453374,0,nan,nan,nan,nan,nan,nan,nan
